VOWEL,DURATION,F1,F2,F3,Stress
ʌ,208.13,889,1291,2973,s
ʌ,224.99,847,1290,2907,s
ʌ,222.38,859,1206,2913,s
e,228.83,520,2483,3097,s
e,216.23,545,2385,2787,s
e,208.06,579,2605,2999,s
ø,150.96,542,1704,2648,s
ø,148.67,547,1671,2569,s
ø,146.05,544,1598,2534,s
u,109.74,421,1078,2213,s
u,120.90,461,1196,2686,s
u,157.81,451,1066,2154,s
u,165.77,313,1522,2739,s
u,168.45,369,1485,2691,s
u,172.60,361,1443,2723,s
i,118.45,333,2541,2889,s
i,105.65,316,2552,2980,s
i,117.17,345,2568,2766,s
ʌ,160.79,847,1099,2784,s
ʌ,151.20,888,1198,2825,s
ʌ,166.57,895,1228,2904,s
ʌ,210.57,818,1119,3228,s
ʌ,187.05,844,1172,2990,s
ʌ,215.31,852,1167,2980,s
a,135.32,1093,1546,2532,s
a,115.60,1056,1587,2554,s
a,111.88,994,1543,2648,s
a,226.48,1085,1682,2979,s
a,232.12,1096,1668,3001,s
a,222.35,1171,1765,2938,s
ʌ,218.94,874,1145,3002,s
ʌ,224.02,891,1131,3135,s
ʌ,238.85,870,1121,3038,s
i,195.82,340,2862,3195,s
i,193.91,412,2862,3361,s
i,175.93,362,2725,3017,s
o,185.09,648,1061,2858,s
ø,158.04,584,1887,2707,s
ø,182.21,580,1683,2646,s
ø,181.54,563,1688,2667,s
i,99.66,305,2607,3173,s
i,92.16,310,2577,2900,s
i,94.47,318,2550,3081,s
o,127.03,624,999,3058,s
o,146.68,646,955,3043,s
o,145.07,653,1023,2942,s
a,119.46,1128,1764,2365,s
a,136.59,1136,1695,2588,s
a,127.36,1015,1755,2564,s
o,135.53,545,1079,2880,s
o,117.13,574,1121,2757,s
o,139.66,564,1089,2782,s
e,129.02,633,2429,3044,s
e,112.20,631,2350,2763,s
e,116.42,671,2319,2821,s
e,149.42,562,2334,2964,s
e,138.15,544,2323,2902,s
e,165.34,613,2235,2805,s
a,228.53,1082,1790,2741,s
a,242.53,1064,1811,2757,s
a,221.82,1067,1863,2801,s
ʌ,173.70,1033,1126,3250,s
ʌ,167.63,971,1227,3118,s
ʌ,168.03,1001,1222,3114,s
ø,217.32,518,1755,2643,s
ø,232.82,583,1756,2715,s
ø,233.88,575,1738,2677,s
o,248.31,668,995,3123,s
o,245.23,719,1025,3275,s
o,233.08,692,997,3164,s
u,127.16,333,1359,2825,s
u,125.71,324,1409,2772,s
u,125.02,341,1475,2778,s
u,223.76,352,1297,2769,s
u,229.33,358,1236,2757,s
u,215.73,340,1124,2638,s
o,183.80,697,981,3229,s
o,179.91,718,1016,3220,s
o,194.65,694,1041,3221,s
ɛ,304.94,711,2409,2727,s
ɛ,294.44,715,2450,2947,s
ɛ,308.87,726,2331,2894,s
e,176.82,572,2287,2814,s
e,160.13,650,2229,2850,s
e,177.23,653,2166,2833,s
i,138.20,425,2596,3179,s
i,158.30,490,2601,3109,s
i,176.08,481,2586,2988,s
ø,152.50,553,1825,2600,s
ø,154.65,562,1871,2266,s
ø,146.13,622,1831,2597,s
o,282.28,605,1029,2848,s
o,262.93,669,1032,2906,s
o,277.61,676,1065,2918,s
u,270.93,486,1019,2461,s
u,264.47,493,1031,2467,s
u,247.68,507,1069,2400,s
a,198.32,1137,1611,3035,s
a,185.47,1126,1657,2976,s
a,188.86,1124,1611,2939,s
u,272.96,468,1301,2895,s
u,273.78,493,1117,2592,s
u,256.67,507,1154,2758,s
u,281.27,487,1046,2484,s
u,256.88,488,1027,2499,s
e,173.24,621,2479,3059,s
e,168.49,595,2510,3068,s
i,131.49,294,2604,3092,s
i,133.63,310,2500,2916,s
i,138.12,451,2673,3164,s
i,149.14,444,2712,3240,s
o,258.07,614,1071,2781,s
o,226.33,619,1127,2702,s
a,138.41,1064,1521,2574,s
a,135.75,1016,1549,2606,s
ʌ,234.34,893,1173,3073,s
ʌ,249.78,902,1146,3060,s
ø,132.80,534,1745,2673,s
ø,127.01,537,1602,2635,s
i,229.32,355,2819,3294,s
i,241.23,394,2662,3144,s
o,139.19,652,970,2928,s
o,117.97,696,972,2984,s
u,104.31,446,1075,2477,s
u,116.66,489,1098,2531,s
u,275.30,390,1293,2641,s
u,270.06,382,1296,2718,s
i,90.96,361,2612,3262,s
i,90.90,342,2612,3003,s
e,141.65,583,2372,2866,s
e,122.52,562,2382,2758,s
e,156.37,582,2159,2656,s
e,144.56,607,2178,2812,s
a,285.63,1092,1742,2903,s
a,292.72,1124,1636,3084,s
ø,149.53,552,1914,2652,s
ø,160.96,544,1773,2650,s
a,112.06,1051,1580,2434,s
a,133.08,1024,1647,2514,s
ø,219.26,506,1882,2730,s
ø,214.97,528,1868,2664,s
ɛ,255.68,701,2383,2972,s
ɛ,254.11,796,2291,2867,s
o,205.08,633,965,3083,s
o,215.88,668,948,3122,s
o,159.33,723,1077,3018,s
o,159.05,721,1061,3098,s
ø,129.89,593,1966,2316,s
ø,162.53,609,1709,2600,s
ʌ,129.99,921,1166,2777,s
ʌ,151.05,900,1231,2796,s
ʌ,174.22,851,1185,2957,s
ʌ,164.05,871,1192,2747,s
a,164.03,1193,1755,3108,s
a,169.11,1158,1653,2719,s
e,193.07,555,2391,2872,s
e,197.36,599,2399,2865,s
u,167.83,287,1455,2687,s
u,142.96,301,1428,2684,s
o,111.80,546,1045,2790,s
o,124.44,599,1137,2808,s
ʌ,202.86,864,1129,3008,s
ʌ,220.38,888,1120,2970,s
ʌ,154.91,903,1210,2876,s
ʌ,163.42,884,1248,3041,s
a,231.83,1045,1704,2699,s
a,178.02,1022,1589,2672,s
u,102.17,355,1409,2732,s
u,112.92,366,1511,2654,s
u,213.15,466,1058,2607,s
u,225.69,492,1175,2665,s
u,211.97,490,1081,2759,s
o,296.66,755,1121,3124,s
a,176.63,1162,1842,2655,s
ʌ,266.26,957,1270,3104,s
u,139.19,309,1447,2741,s
ø,348.54,537,1830,2698,s
i,139.44,420,2852,3279,s
ø,145.24,576,1891,2715,s
o,147.72,662,1142,2727,s
e,309.62,647,2304,2873,s
e,200.84,645,2208,2815,s
i,85.54,316,2431,2900,s
a,193.28,1177,1611,2761,s
o,194.69,669,946,3083,s
ʌ,275.31,874,1184,2972,s
ø,176.90,569,1922,2690,s
ø,201.38,567,1882,2723,s
o,147.76,626,1058,2874,s
a,142.70,1112,1618,2650,s
u,322.09,486,1282,2909,s
u,206.35,508,1078,2194,s
a,266.72,1231,1871,3005,s
ʌ,171.42,970,1257,3050,s
u,247.72,388,1275,2829,s
u,168.07,304,1545,2624,s
u,179.90,321,1386,2718,s
ɛ,306.79,706,2369,3003,s
a,260.35,1135,1775,2701,s
i,118.12,335,2670,3061,s
ʌ,171.06,946,1226,2776,s
u,138.61,455,1170,2315,s
e,121.76,589,2327,2963,s
u,273.20,365,1219,2657,s
o,232.12,636,1080,2752,s
ʌ,165.54,911,1231,2700,s
e,173.00,547,2473,3014,s
i,284.49,383,2808,3369,s
u,106.56,308,1398,2827,s
u,137.90,460,1227,3157,s
ʌ,179.80,1062,1387,3185,s
o,263.84,600,1091,2991,s
ø,145.72,617,1903,2638,s
u,252.44,440,1068,3196,s
o,276.09,660,975,3113,s
i,143.75,312,2529,3087,s
ɛ,269.70,750,2152,2626,s
o,132.46,592,1125,2785,s
ʌ,161.47,986,1299,2798,s
e,227.07,644,2466,3162,s
u,129.63,328,1421,2960,s
ʌ,201.35,917,1253,2781,s
ø,241.67,565,1831,2723,s
ʌ,200.84,951,1297,3004,s
e,159.75,646,2263,2744,s
ʌ,187.07,937,1265,2908,s
ø,148.84,579,1860,2784,s
e,152.04,567,2415,3042,s
a,146.29,1060,1779,2529,s
u,259.90,391,1042,3060,s
u,260.72,335,1290,2702,s
o,143.57,670,1008,3148,s
i,289.61,346,2844,3269,s
i,140.14,351,2876,3464,s
a,192.44,1158,1678,2735,s
a,238.17,1134,1879,2910,s
e,129.10,618,2300,3026,s
ø,148.25,576,1654,2711,s
a,178.00,1394,1635,3026,s
i,93.98,316,2698,3282,s
o,148.55,654,1001,2947,s
a,230.08,1208,1749,3005,s
ø,141.09,626,1946,2864,s
ɛ,280.21,751,2558,3203,s
a,143.92,1110,1761,2611,s
ʌ,171.98,1063,1290,3189,s
a,188.76,1192,1614,2942,s
a,155.98,1090,1664,2747,s
o,229.84,569,1020,2938,s
u,268.87,442,1079,2471,s
e,172.83,624,2305,3018,s
i,251.90,443,2723,3022,s
o,228.03,648,1022,3068,s
e,202.02,711,2234,2878,s
u,157.90,308,1414,2813,s
o,127.80,675,1024,2954,s
ø,247.51,536,1881,2728,s
a,236.40,1096,1675,2872,s
ʌ,169.87,940,1288,2902,s
u,67.04,353,1240,2914,s
i,100.46,328,2478,2767,s
e,199.25,655,2432,2978,s
u,192.44,340,1281,2960,s
o,156.84,742,970,3071,s
ø,161.32,641,1743,2734,s
i,68.11,315,2633,3171,s
u,194.38,445,1241,2867,s
i,129.31,320,2583,3008,s
u,102.41,325,1500,2806,s
ʌ,186.40,926,1319,2989,s
ʌ,153.14,914,1277,2834,s
o,116.89,613,1171,2846,s
e,96.43,633,2191,2870,s
ʌ,215.83,953,1232,3069,s
a,232.55,1149,1667,3062,s
ø,133.31,556,1724,2645,s
u,152.24,434,1376,2730,s
ʌ,181.08,927,1294,2879,s
o,204.99,545,956,3097,s
e,151.12,660,2217,2919,s
u,119.90,318,1399,2712,s
a,135.19,1120,1772,2462,s
a,174.34,1122,1748,2764,s
u,197.59,352,1403,2766,s
ɛ,240.27,792,2219,2830,s
a,233.48,1195,1755,2976,s
ʌ,208.45,928,1230,2926,s
a,188.34,1308,1605,2923,s
o,228.85,563,1029,2914,s
e,198.86,640,2455,3049,s
ʌ,173.99,1104,1383,3303,s
i,244.06,387,2817,3298,s
ʌ,163.85,937,1214,2825,s
ø,174.60,612,1925,2838,s
ø,181.48,602,1692,2746,s
o,131.39,644,1042,2980,s
o,115.53,649,1149,2711,s
i,77.13,302,2785,2996,s
u,106.62,398,1074,3082,s
e,142.06,609,2195,2852,s
u,141.72,305,1571,2780,s
ø,125.42,565,1688,2688,s
i,111.81,391,2699,3246,s
ʌ,159.56,1056,1236,3168,s
ø,200.44,509,1782,2701,s
u,189.41,450,1061,3127,s
u,188.34,480,1035,2877,s
o,156.28,744,1054,3194,s
i,108.80,317,2583,2800,s
a,147.78,1115,1660,2678,s
ø,149.55,576,1853,2511,s
e,113.06,581,2358,2971,s
ʌ,136.92,918,1288,2993,u
ue,82.71,503,1530,2755,s
u,83.45,390,1266,2854,u
i,167.06,331,2733,3171,u
ʌ,123.83,941,1223,2918,u
ue,92.82,531,1589,2855,s
u,66.04,379,1329,2951,u
i,168.08,339,2790,3141,u
ɛe,120.02,797,2380,3122,s
e,96.72,646,2078,2944,u
e,64.26,605,1760,2895,u
o,136.82,598,1141,3229,u
ɛe,114.39,623,2288,3132,s
e,83.63,700,2090,2920,u
e,65.32,551,1775,2822,u
o,147.72,519,1092,3438,u
ɛe,75.35,649,2330,3001,s
e,95.90,591,2120,2884,u
i,149.08,359,2597,3047,u
ɛe,91.78,695,2306,2993,s
e,85.58,604,2185,2953,u
i,126.33,376,2547,2990,u
ʌ,108.24,881,1138,3016,u
ue,68.24,489,1450,2811,s
u,56.66,396,1250,2715,u
e,99.56,526,2187,2984,u
ɛ,162.27,622,1956,2864,u
ʌ,106.22,1004,1279,2967,u
ue,71.35,488,1315,2909,s
u,49.22,424,1386,2858,u
e,89.49,568,2107,3140,u
ɛ,165.66,751,2068,2900,u
e,82.12,564,2248,2901,s
e,61.12,555,2102,2918,u
e,62.41,358,2209,2909,u
o,121.01,624,1190,2829,u
e,82.25,569,2258,2873,s
e,71.29,509,2152,2775,u
e,83.57,459,2207,2892,u
o,123.27,621,1165,2823,u
øe,80.66,421,1934,2791,u
øe,113.66,562,1857,2738,s
ø,148.09,515,1763,2664,u
øe,167.36,549,1800,2775,u
øe,90.42,477,1790,2741,u
øe,106.51,570,1792,2679,s
ø,123.70,542,1873,2722,u
øe,180.42,596,1786,2674,u
ʌ,128.51,933,1066,3023,u
o,102.06,588,1353,2817,s
o,78.52,541,1056,3019,u
e,99.27,573,2128,2846,u
ʌ,120.99,936,1208,3040,u
o,81.18,566,1330,2902,s
o,82.24,517,1142,3039,u
e,131.90,574,2174,2877,u
a,182.59,1092,1744,2709,s
a,160.27,1061,1624,2593,s
e,95.48,559,2151,3000,s
a,129.46,942,1770,2744,u
e,73.57,488,2224,2957,u
o,111.73,573,1105,2933,u
e,105.42,593,2306,3007,s
a,138.50,965,1719,2801,u
e,79.14,507,2129,2966,u
o,115.75,628,1158,2877,u
ɛe,143.63,589,2447,2956,s
e,92.02,604,2277,3017,u
i,77.40,376,2529,2966,u
o,103.87,714,1257,2938,u
ɛe,106.10,677,2508,2921,s
e,91.17,589,2195,2852,u
i,96.17,364,2564,3056,u
o,76.92,626,1276,2991,u
e,58.20,459,2193,2917,u
ɛe,112.61,759,2305,2981,s
e,65.59,603,2068,2851,u
e,150.22,688,2098,2936,u
e,54.61,497,2163,2964,u
ɛe,111.98,754,2329,3139,s
e,75.19,647,2070,2892,u
e,123.53,572,1930,2917,u
e,90.04,623,2255,2907,s
e,81.46,533,2173,2767,u
i,112.84,351,2520,2862,u
e,109.74,585,2312,2920,s
e,94.78,559,2219,2742,u
i,143.75,344,2516,2869,u
e,72.76,516,2175,2962,u
ɛe,109.52,679,2440,2956,s
e,48.66,600,2008,2891,u
o,151.84,621,1057,2756,u
e,66.09,489,2210,2987,u
ɛe,110.42,689,2327,3082,s
e,57.08,610,2098,2845,u
o,132.52,615,1121,2803,u
ʌ,105.92,898,1330,2875,u
u,90.03,463,1392,2895,s
u,62.64,414,1327,2923,u
ʌ,162.02,787,1277,3115,u
ʌ,105.66,905,1402,2801,u
u,82.14,498,1565,2913,s
u,67.50,382,1209,2641,u
ʌ,194.01,935,1312,2848,u
ie,90.09,411,2660,3280,s
i,65.15,382,2568,2992,u
i,87.68,379,2564,3069,u
o,120.32,708,1115,3238,u
ie,95.41,441,2668,3364,s
i,69.95,373,2588,2956,u
i,80.20,353,2553,3085,u
o,116.33,677,1045,2718,u
e,71.30,480,2369,2906,u
e,112.35,584,2187,2905,s
ɛ,129.63,747,2184,2965,u
i,140.47,468,2712,3056,u
e,82.54,542,2335,2900,u
e,107.61,593,2259,2943,s
ɛ,114.83,740,2171,2944,u
i,148.18,439,2780,3253,u
a,239.90,1155,1815,2731,s
a,234.38,1091,1755,2996,s
e,100.94,626,2276,2913,s
e,91.49,482,2262,2804,u
i,137.14,350,2504,2950,u
e,117.84,607,2267,2950,s
e,93.41,474,2306,2791,u
i,136.58,366,2501,2922,u
o,163.61,649,980,3124,s
o,168.80,663,1012,3066,s
ʌ,119.01,896,1204,2998,u
e,73.02,637,2199,2985,s
ʌ,106.28,754,1448,2699,u
e,139.83,515,1937,2820,u
ʌ,116.39,888,1266,2985,u
e,83.90,611,2178,3010,s
ʌ,116.96,832,1414,2738,u
e,142.15,530,2210,2893,u
e,90.24,585,2254,2927,s
e,84.48,511,2304,2902,u
e,137.53,541,2120,2770,u
e,104.03,609,2244,2909,s
e,86.76,511,2266,2849,u
e,143.06,532,2123,2825,u
ʌ,119.30,911,1342,2866,u
e,72.14,635,2097,2935,s
ʌ,115.16,840,1444,2712,u
e,103.28,617,1626,2802,u
ʌ,103.30,929,1412,2892,u
e,90.45,660,2205,2998,s
ʌ,97.43,755,1421,2692,u
e,108.03,587,2063,2857,u
ʌ,111.18,876,1301,2935,u
o,82.03,654,1397,2858,s
o,74.58,582,1048,3055,u
i,108.73,357,2485,2881,u
ʌ,114.42,933,1325,2967,u
oe,103.46,710,1315,3057,s
o,56.75,587,1071,3057,u
i,149.15,373,2525,2870,u
e,73.55,507,2287,2887,u
e,103.06,662,2152,3056,s
a,118.93,996,1675,2664,u
e,116.73,699,2290,2939,u
e,68.75,504,2299,2998,u
e,112.56,647,2263,3069,s
a,115.35,1042,1722,2833,u
e,97.24,615,2185,2943,u
ɛ,86.10,650,2308,3020,s
e,81.19,582,2055,2880,u
e,53.49,530,2049,2861,u
ɛ,158.10,670,2036,2823,u
ɛe,105.40,638,2395,3168,s
e,87.50,601,2075,2900,u
e,60.89,528,2068,2966,u
ɛ,157.13,770,2036,2981,u
øe,115.53,575,1691,2751,s
ø,125.87,608,1828,2631,u
øe,125.06,588,1699,2672,u
øe,130.22,560,1769,2736,s
ø,111.84,589,1887,2745,u
øe,133.31,563,1715,2729,u
øe,118.83,552,1784,2826,s
ø,122.26,614,1821,2624,u
ø,145.48,599,1749,2532,u
ø,191.99,568,1800,2761,s
ø,195.49,554,1861,2766,s
ɛe,94.08,663,2198,3037,s
e,85.97,618,2083,2901,u
e,109.85,640,1941,2780,u
ɛe,85.77,627,2321,3031,s
e,100.38,656,2096,2877,u
e,110.52,636,1950,2782,u
øe,111.31,638,1683,2753,s
ø,91.83,584,1687,2606,u
øe,61.98,434,1949,2658,u
o,146.58,674,1136,2611,u
øe,119.04,663,1718,2745,s
ø,90.41,598,1741,2631,u
øe,62.50,477,1906,2594,u
o,150.80,656,1155,2735,u
øe,116.09,613,1665,2625,s
ø,109.69,615,1786,2645,u
øe,52.26,438,1984,2672,u
ʌ,81.01,876,1330,2865,u
e,78.23,683,2093,2842,s
ʌ,102.95,692,1519,2695,u
i,117.10,369,2429,2840,u
ʌ,110.11,906,1289,3057,u
e,71.94,638,2082,2968,s
ʌ,86.27,698,1477,2663,u
i,102.23,368,2416,2853,u
o,233.36,600,1042,2819,s
o,251.07,598,1055,2855,s
ʌ,96.97,878,1244,2982,u
oe,65.51,693,1417,2918,s
o,64.74,555,1156,2969,u
e,62.23,465,2083,2890,u
ɛ,120.14,667,1719,2746,u
ʌ,90.19,929,1261,2852,u
oe,77.26,684,1330,2897,s
o,62.56,550,1165,2946,u
e,66.29,462,2091,2895,u
ɛ,98.35,668,1842,2806,u
ʌ,80.83,875,1341,2840,u
oe,78.79,636,1377,2974,s
o,66.26,544,1063,3118,u
ʌ,129.80,771,1223,3091,u
ʌ,97.55,838,1269,2962,u
oe,79.16,653,1344,2978,s
o,61.80,585,1101,3055,u
ʌ,133.59,802,1187,2714,u
u,250.08,376,1266,2759,s
u,223.40,384,1258,2789,s
ʌ,92.84,927,1362,3073,u
e,79.28,678,2068,2894,s
ʌ,94.72,740,1437,2756,u
i,57.87,404,2402,2788,u
o,72.43,685,1316,2749,u
ʌ,104.81,924,1433,2913,u
e,73.42,704,2123,2950,s
ʌ,77.23,720,1438,2774,u
i,72.22,402,2366,2796,u
o,85.10,669,1213,2657,u
ʌ,91.09,904,1303,2958,u
oe,68.61,626,1385,2925,s
o,68.10,546,1183,3022,u
e,68.07,440,2126,2858,u
o,141.31,604,1097,2789,u
ʌ,81.49,840,1409,2848,u
oe,85.64,647,1461,2967,s
o,62.45,547,1153,2975,u
e,49.22,431,2083,2830,u
o,146.80,597,1085,2804,u
ʌ,92.78,945,1436,2544,u
ue,74.32,566,1514,2874,s
u,87.34,423,1251,2947,u
i,118.87,375,2453,2772,u
ʌ,71.63,915,1435,2780,u
ue,83.86,594,1660,2987,s
u,98.65,451,1270,2940,u
i,143.66,377,2511,2706,u
ie,67.62,409,2647,2951,u
i,94.59,452,2670,3191,s
i,50.26,324,2563,2973,u
e,133.08,583,1874,2757,u
ie,63.66,403,2648,3113,u
ie,79.73,431,2639,3110,s
i,63.42,431,2389,2931,u
e,154.81,598,1964,2529,u
ʌ,114.83,931,1300,2843,u
oe,75.12,672,1408,2958,s
o,78.53,535,1158,2949,u
i,110.94,355,2488,2847,u
ʌ,93.98,892,1322,2860,u
oe,79.40,648,1338,2995,s
o,63.62,525,1220,2971,u
i,101.15,360,2583,2930,u
ø,138.54,572,1648,2664,s
ø,149.71,559,1600,2570,s
e,107.65,641,2236,2931,s
a,150.69,975,1702,2712,u
e,90.42,575,1498,2731,u
e,108.27,614,2345,3025,s
a,154.72,990,1679,2628,u
e,107.19,565,2073,2882,u
ʌ,88.40,913,1075,2825,u
oe,65.00,604,1391,2862,s
o,53.11,549,1049,3186,u
e,113.83,687,1720,2765,u
ʌ,74.88,893,1330,3014,u
oe,77.42,640,1337,2989,s
o,58.30,560,1134,3105,u
e,119.75,724,1824,2706,u
ʌ,85.76,888,1362,2854,u
ue,68.86,560,1562,2928,s
u,64.62,339,1197,3034,u
e,135.14,690,2061,2917,u
ʌ,92.39,925,1281,2939,u
ue,65.67,590,1676,2879,s
u,70.72,357,1199,2907,u
e,164.40,651,2108,2879,u
ie,75.96,413,2564,2973,u
ie,71.57,488,2691,3131,s
i,61.08,350,2694,3120,u
i,141.30,380,2583,2829,u
ie,72.61,406,2542,2753,u
ie,76.74,497,2670,3090,s
i,52.86,350,2668,3089,u
i,128.54,384,2434,2943,u
ɛ,251.37,741,2234,2827,s
ɛ,260.94,730,2287,2915,s
ʌ,103.76,883,1334,3030,u
e,68.52,625,2019,2895,s
ʌ,101.04,759,1358,2763,u
ʌ,145.49,814,1258,2783,u
ʌ,106.86,854,1323,2791,u
e,74.56,653,2002,2940,s
ʌ,88.51,820,1501,2655,u
ʌ,131.44,869,1286,2694,u
ʌ,163.30,925,1197,2823,s
ʌ,169.01,914,1239,2877,s
ʌ,86.72,891,1321,2990,u
e,68.77,690,2065,2964,s
ʌ,78.75,762,1463,2729,u
e,51.20,440,2096,2830,u
o,126.46,590,1054,2789,u
ʌ,101.85,886,1367,3055,u
e,64.27,639,2060,2957,s
ʌ,90.65,775,1393,2751,u
e,58.50,450,2042,2814,u
o,150.94,624,1052,3017,u
øe,149.82,635,1617,2749,s
ø,118.95,586,1809,2639,u
i,169.66,365,2590,2986,u
øe,157.83,635,1614,2779,s
ø,120.60,573,1872,2653,u
i,155.38,387,2802,3165,u
ie,98.33,411,2587,3216,s
i,77.18,323,2616,2958,u
i,139.56,374,2645,2943,u
ie,99.56,478,2509,3192,s
i,83.67,387,2658,3032,u
i,142.81,386,2708,2971,u
e,81.90,653,2108,2970,s
e,91.25,596,2091,2818,u
i,60.50,402,2485,2895,u
o,108.00,774,1255,2948,u
e,97.32,723,2146,2957,s
e,93.06,582,2202,2789,u
i,71.27,415,2441,2810,u
o,99.36,663,1180,2808,u
ʌ,189.61,916,1180,2860,s
ʌ,202.55,889,1176,2877,s
ʌ,76.93,839,1400,2873,u
oe,76.27,735,1469,2901,s
o,76.00,568,1197,2973,u
i,42.16,409,2328,2768,u
o,93.74,627,1197,2914,u
ʌ,92.69,976,1494,2854,u
oe,76.60,694,1392,2996,s
o,72.43,570,1174,2984,u
i,64.91,414,2256,2811,u
o,92.02,663,1230,2550,u
e,86.18,647,2084,2915,s
e,68.73,578,2104,2699,u
e,63.99,468,2206,2906,u
ɛ,153.27,720,1756,2365,u
e,88.86,608,2278,2985,s
e,68.03,598,2182,2877,u
e,59.09,492,2116,2928,u
ɛ,153.94,774,1888,2794,u
e,75.11,578,2209,2823,u
e,102.80,632,2076,2992,s
a,120.42,1039,1724,2696,u
ʌ,148.71,808,1248,2997,u
e,68.33,529,2277,2911,u
e,93.12,617,2159,2948,s
a,111.74,980,1761,2249,u
ʌ,152.05,848,1265,3087,u
ie,89.71,420,2691,3118,s
i,65.36,335,2541,2898,u
e,60.99,407,2345,2965,u
ɛ,167.78,717,1576,2769,u
ie,82.55,393,2574,3270,s
i,70.59,317,2607,2933,u
e,62.42,510,2100,2820,u
ɛ,172.30,733,1491,2784,u
ie,81.70,420,2525,3131,s
i,66.42,353,2464,2881,u
e,58.65,415,2260,2907,u
ɛ,143.20,739,1597,2708,u
ie,87.25,384,2617,3104,s
i,71.15,325,2608,2857,u
e,45.03,443,2154,2935,u
ɛ,169.26,747,1793,2772,u
a,198.35,1129,1651,2690,s
a,185.43,1127,1644,2651,s
ʌ,77.29,938,1310,2836,u
ue,61.51,608,1566,2867,s
u,82.79,386,1132,3022,u
e,73.11,601,1890,2735,u
o,129.89,883,1096,3071,u
ʌ,86.77,881,1410,2811,u
ue,67.45,611,1618,2996,s
u,81.18,406,1143,3165,u
e,74.82,608,1800,2739,u
o,136.72,642,1076,2730,u
e,66.23,521,2253,2949,u
ɛe,105.35,767,2286,3046,s
e,61.24,648,2012,2822,u
ʌ,176.53,925,1300,3097,u
e,59.35,528,2241,2889,u
ɛe,120.71,773,2244,3026,s
e,72.38,655,1955,2826,u
ʌ,180.65,853,1222,3156,u
øe,65.48,533,1843,2683,u
øe,87.42,639,1799,2711,s
ø,134.47,550,1797,2686,u
øe,162.85,535,1898,2634,u
øe,68.69,540,1949,2712,u
øe,95.13,640,1879,2723,s
ø,135.50,544,1808,2751,u
øe,181.88,578,1914,2683,u
øe,56.11,510,1709,2641,u
øe,88.13,699,1740,2676,s
ø,98.73,618,1819,2655,u
o,156.73,644,1167,2660,u
øe,67.91,501,1763,2786,u
øe,85.71,645,1823,2753,s
ø,112.64,608,1791,2689,u
o,158.12,613,1150,2617,u
øe,57.41,500,2050,2665,u
øe,96.95,655,1814,2632,s
ø,132.15,578,1819,2655,u
o,162.26,602,1102,2595,u
e,69.59,546,2282,2864,u
e,80.96,653,2136,2936,s
a,110.52,1103,1782,2870,u
e,112.03,681,2318,3037,u
e,70.16,559,2237,2894,u
e,103.51,598,2244,3023,s
a,115.03,1068,1766,2762,u
e,129.24,613,2362,3011,u
e,162.35,591,2381,3013,s
e,179.87,664,2260,2946,s
e,181.66,550,2392,2952,s
e,199.98,530,2364,2888,s
o,125.85,637,985,2898,s
o,146.35,604,1007,2898,s
ie,86.08,407,2684,3180,s
i,76.67,326,2678,3013,u
e,115.38,791,1825,2690,u
ie,89.45,388,2513,3182,s
i,68.25,333,2634,3013,u
e,135.80,756,1859,2719,u
u,294.12,461,1146,3074,s
u,272.51,494,1126,2981,s
u,169.40,325,1340,2645,s
u,178.53,349,1349,2629,s
ʌ,196.32,1123,1226,3194,s
ʌ,189.12,1030,1083,2936,s
ʌ,107.30,920,1232,2963,u
ue,67.89,555,1577,2810,s
u,78.28,404,1124,2946,u
e,114.79,776,1879,2793,u
ʌ,108.38,936,1382,2797,u
ue,66.40,529,1586,2722,s
u,70.60,451,1231,2860,u
e,130.09,786,1835,2763,u
ʌ,76.49,901,1470,2722,u
ue,64.29,617,1710,2777,s
u,66.30,388,1331,2983,u
e,76.94,563,2004,2736,u
o,143.27,674,1201,2523,u
ʌ,92.73,872,1377,2911,u
ue,60.32,608,1675,2798,s
u,83.24,443,1239,2965,u
e,74.66,570,1946,2863,u
o,160.58,681,1152,2588,u
øe,53.28,511,1708,2649,u
øe,86.27,688,1765,2764,s
ø,99.39,614,1825,2654,u
øe,96.29,573,1906,2843,u
ɛ,180.49,722,1745,2684,u
øe,46.76,522,1843,2790,u
øe,85.32,645,1833,2825,s
ø,107.59,596,1785,2677,u
øe,87.61,493,1889,2858,u
ɛ,176.24,761,1778,2773,u
øe,48.78,494,1775,2673,u
øe,72.99,634,1841,2797,s
ø,121.37,601,1831,2659,u
øe,89.19,510,1891,2840,u
ɛ,175.92,776,1801,2689,u
øe,42.55,499,1810,2720,u
øe,62.02,634,1813,2733,s
ø,98.78,621,1810,2729,u
øe,82.19,497,1888,2825,u
ɛ,175.81,699,1722,2803,u
i,103.11,303,2584,3149,s
i,125.30,365,2507,2869,s
ʌ,93.29,936,1386,2875,u
e,76.23,733,2025,2923,s
ʌ,77.05,762,1538,2663,u
e,93.17,636,1890,2802,u
ɛ,161.29,698,1823,2767,u
ʌ,92.35,908,1468,2837,u
e,65.77,680,2064,2895,s
ʌ,93.10,786,1477,2783,u
e,87.70,570,1932,2899,u
ɛ,141.00,732,1878,2768,u
ʌ,66.16,869,1390,2870,u
oe,65.86,682,1488,2867,s
o,70.01,602,1154,2943,u
e,99.76,696,1751,2682,u
ʌ,93.00,823,1203,2998,u
oe,62.05,680,1482,2923,s
o,64.06,563,1137,2974,u
e,119.69,749,1916,2770,u
ʌ,83.90,930,1402,2923,u
e,74.11,680,2107,2903,s
ʌ,92.54,817,1472,2735,u
e,95.99,737,1693,2726,u
ʌ,83.88,920,1505,2872,u
e,70.14,637,2111,2999,s
ʌ,89.11,745,1382,2763,u
e,114.65,656,1782,2712,u
øe,104.90,594,1709,2707,s
ø,92.31,594,1785,2601,u
ø,50.26,403,1995,2719,u
ɛ,150.02,714,1646,2778,u
øe,104.01,646,1683,2745,s
ø,92.53,575,1743,2597,u
øe,40.08,363,2020,2890,u
ɛ,138.35,657,1819,2806,u
ʌ,171.70,944,1155,3071,s
ʌ,187.44,937,1164,2834,s
e,72.46,701,2257,2941,s
e,67.92,583,2117,2793,u
e,65.21,675,1883,2973,u
o,122.53,707,1022,3129,u
e,83.94,641,2084,2809,s
e,78.29,578,2164,2796,u
e,60.76,596,1839,2757,u
o,134.85,620,1080,3115,u
u,225.57,443,1052,2538,s
u,221.20,504,1053,2432,s
ʌ,83.58,900,1414,2751,u
e,58.51,684,2018,2854,s
ʌ,83.80,759,1421,2712,u
e,58.50,452,1989,2853,u
ɛ,110.11,666,1628,2671,u
ʌ,87.99,903,1414,2856,u
e,63.82,670,2048,2858,s
ʌ,72.60,739,1507,2733,u
e,56.32,467,2013,2829,u
ɛ,121.14,682,1881,2764,u
o,146.15,601,1092,2718,s
o,134.20,563,1088,2894,s
ʌ,85.57,909,1423,2822,u
ue,62.37,626,1689,2720,s
u,73.03,392,1349,2917,u
e,124.93,708,1877,2973,u
ʌ,114.90,935,1367,2864,u
ue,61.34,584,1598,2833,s
u,74.86,401,1253,3033,u
e,131.99,667,1858,2551,u
ʌ,105.06,913,1308,2829,u
oe,78.11,655,1313,2785,s
o,68.91,610,1213,2913,u
e,119.50,613,1606,2658,u
ʌ,89.66,848,1261,2681,u
oe,88.80,697,1444,2738,s
o,66.62,565,1176,2870,u
e,118.12,610,1795,2639,u
e,56.12,561,2082,2811,u
ɛe,103.24,802,2129,2904,s
e,58.76,664,1941,2785,u
e,86.20,705,1951,2920,u
ɛ,116.83,726,1920,2775,u
e,53.10,587,2163,2898,u
ɛe,99.01,780,2155,2872,s
e,54.30,607,1984,2834,u
e,90.20,701,1984,2896,u
ɛ,118.95,687,1959,2924,u
e,82.90,617,2031,2861,s
e,73.97,565,2044,2793,u
e,96.82,664,1935,2893,u
ɛ,107.41,678,1919,2904,u
e,77.07,604,2152,2906,s
e,68.44,584,2108,2756,u
e,92.70,600,2003,2802,u
ɛ,151.82,679,1799,2835,u
i,221.91,338,2634,3063,s
i,193.51,381,2587,3006,s
ø,129.89,531,1786,2514,s
ø,141.22,566,1768,2575,s
e,101.21,639,2160,2979,s
ɛa,138.73,898,2133,2964,u
i,151.98,381,2489,2720,u
e,103.43,586,2160,2809,s
ɛa,133.23,758,2121,2822,u
i,174.82,381,2178,2851,u
e,96.43,621,2054,2904,s
a,138.41,1034,1719,2602,u
e,91.01,531,2115,2886,u
ɛ,150.82,736,1556,2694,u
e,114.61,609,2096,2826,s
a,140.75,1024,1780,2750,u
e,77.06,529,2099,2936,u
ɛ,161.70,675,1761,2794,u
a,175.88,1101,1683,2679,s
a,163.33,1076,1596,2666,s
i,118.33,414,2758,3037,s
i,132.66,441,2669,3127,s
e,84.81,607,2259,2932,s
e,84.53,598,2211,2818,u
o,148.12,633,1119,2646,u
e,82.99,611,2249,2952,s
e,83.55,567,2256,2664,u
o,140.95,677,1155,2771,u
ʌ,95.09,881,1272,2928,u
oe,88.47,685,1451,2874,s
o,70.03,574,1084,3085,u
o,110.60,635,1049,2861,u
ʌ,83.31,887,1412,2706,u
oe,79.45,666,1439,2841,s
o,67.21,578,1105,3052,u
o,101.75,593,1083,2718,u
ʌ,83.35,922,1217,2937,u
ue,71.41,564,1677,2955,s
u,57.78,339,1186,2974,u
o,127.05,791,1120,3119,u
ʌ,81.55,914,1374,3018,u
ue,62.32,605,1672,2929,s
u,59.71,458,1208,2908,u
o,121.30,717,1162,3077,u
e,82.70,639,2183,2959,s
e,81.23,663,2137,2844,u
e,130.25,728,1891,2727,u
e,85.03,653,2136,2993,s
e,77.98,593,2050,2943,u
e,132.63,746,1996,2755,u
ʌ,70.46,900,1444,2831,u
oe,67.97,733,1551,2942,s
o,58.49,601,1199,3059,u
e,89.43,639,1955,2875,u
ɛ,120.52,731,1908,2873,u
ʌ,78.97,900,1365,2840,u
oe,70.87,698,1616,2899,s
o,70.67,615,1178,3165,u
e,95.31,664,2007,2874,u
ɛ,132.41,736,1924,2909,u
e,114.38,547,2265,2834,s
e,118.35,561,2230,2743,s
ø,210.09,553,1721,2625,s
ie,54.89,468,2583,2842,u
ie,63.37,463,2498,2957,s
i,50.61,340,2504,2824,u
e,116.03,726,1861,2808,u
ie,53.91,425,2606,3007,u
ie,65.64,446,2650,3030,s
i,52.46,320,2586,2977,u
e,124.70,733,1861,2689,u
øe,53.54,492,1842,2682,u
øe,74.61,596,1838,2681,s
ø,130.24,561,1746,2525,u
ʌ,185.93,797,1246,2669,u
øe,56.76,465,1882,2737,u
øe,90.52,575,1895,2744,s
ø,108.37,566,1763,2630,u
ʌ,165.07,716,1210,2490,u
øe,85.96,577,1756,2706,s
ø,99.36,646,1751,2592,u
øe,60.39,503,1580,2675,u
o,127.39,753,1092,2221,u
øe,72.97,552,1700,2734,s
ø,95.64,624,1753,2564,u
øe,59.35,513,1617,2634,u
o,124.54,755,1079,3294,u
e,46.55,581,2072,2851,u
ɛe,101.00,763,2138,2913,s
e,65.57,687,1924,2826,u
e,87.70,771,1885,2852,u
e,48.88,531,2082,2990,u
ɛe,97.47,732,2204,2945,s
ʌ,103.74,852,1266,3076,u
e,63.46,648,2086,2909,s
ʌ,81.27,758,1402,2788,u
e,69.34,643,1837,2835,u
o,116.07,818,1091,1649,u
ʌ,110.23,913,1228,2988,u
e,76.09,634,2125,2939,s
ʌ,74.54,735,1371,2775,u
e,60.40,603,1723,2782,u
o,122.81,672,1045,2485,u
ie,53.43,430,2586,2963,u
ie,60.11,416,2570,3053,s
i,50.86,322,2536,2878,u
ʌ,147.86,780,1267,2582,u
ie,61.83,399,2605,3009,u
ie,62.95,401,2585,2892,s
i,52.62,315,2558,2932,u
ʌ,162.36,836,1351,2509,u
a,139.29,1010,1771,2508,s
a,164.50,997,1687,2555,s
ie,79.45,397,2693,3118,s
i,59.07,316,2589,2943,u
e,39.41,501,1804,2745,u
o,134.16,632,1094,3049,u
ie,68.99,359,2547,3180,s
i,71.00,324,2461,2797,u
e,72.56,652,1817,2729,u
o,128.28,700,1012,3167,u
e,88.96,559,2219,2879,u
e,106.71,676,2086,2964,s
a,104.02,1048,1694,2652,u
o,129.78,720,1137,2450,u
e,67.26,578,2101,2819,u
e,97.49,673,2108,3051,s
a,123.84,1044,1669,2651,u
o,110.39,676,1130,2773,u
e,66.99,519,2144,2826,u
e,82.48,615,2052,3016,s
a,108.07,1042,1775,2634,u
e,95.71,640,2143,2905,u
ɛ,150.07,747,1882,2961,u
e,59.29,524,2204,2845,u
e,88.29,616,2077,2929,s
a,94.98,1010,1892,1991,u
e,83.00,638,2094,2854,u
ɛ,143.92,732,1994,2954,u
e,179.43,615,2260,2822,s
e,196.22,657,2136,2779,s
ʌ,201.94,852,1239,3039,s
ʌ,216.10,891,1205,2919,s
ʌ,87.35,912,1386,2956,u
e,75.04,632,2049,2948,s
ʌ,90.69,784,1550,2731,u
i,122.59,392,2478,3085,u
ʌ,94.50,933,1369,2943,u
e,75.51,652,2043,2953,s
ʌ,93.25,801,1529,2746,u
i,124.81,386,2388,2601,u
u,113.90,336,1489,2675,s
u,129.64,365,1585,2811,s
ie,38.92,444,2492,2909,u
ie,65.99,401,2544,2822,s
i,43.32,315,2550,3108,u
e,99.99,697,1903,2888,u
ɛ,151.62,761,1843,2771,u
ie,52.87,431,2599,3033,u
ie,69.35,447,2534,3038,s
i,45.56,320,2508,2924,u
e,105.17,688,1930,2921,u
ɛ,152.13,723,1822,2824,u
e,79.88,648,2153,2938,s
e,72.93,599,2149,2786,u
e,106.40,666,1954,2791,u
e,87.00,609,2223,3001,s
e,75.43,612,2120,2758,u
e,102.91,655,1880,2783,u
e,68.35,581,2096,2802,u
ɛe,81.69,866,2181,2959,s
e,64.03,596,2108,2900,u
i,112.68,485,2636,3062,u
e,50.44,602,2097,2817,u
ɛe,92.76,827,2163,2964,s
e,67.25,617,2127,2870,u
i,100.33,490,2548,2947,u
i,110.27,318,2732,3019,s
i,94.94,325,2541,2925,s
e,90.59,633,1959,2659,s
a,121.23,1082,1702,2830,u
e,63.93,654,1673,2956,u
o,120.55,823,1086,3449,u
e,99.68,654,2224,3007,s
a,124.00,1048,1759,2711,u
e,60.23,589,1881,2803,u
o,123.45,695,1018,2766,u
e,77.01,564,2213,2923,s
ɛa,117.11,765,2202,2982,u
i,79.64,381,2752,3133,u
o,72.48,838,1155,3148,u
e,88.02,579,2255,3121,s
ɛa,117.50,746,2214,3041,u
i,90.52,369,2604,3109,u
o,115.31,710,1285,2704,u
ie,47.41,452,2517,3016,u
ie,80.40,465,2642,3210,s
i,53.50,313,2680,3095,u
o,124.35,633,999,2641,u
ie,53.86,433,2625,3036,u
ie,68.21,422,2685,3012,s
i,56.26,311,2698,3078,u
o,131.69,669,1072,2898,u
ie,56.90,439,2562,2999,u
ie,68.58,403,2640,2988,s
i,50.32,303,2642,2981,u
o,136.47,636,1062,2687,u
øe,103.21,538,1699,2655,s
ø,106.42,602,1831,2624,u
i,77.61,377,2510,2723,u
o,81.75,616,1129,3090,u
øe,105.93,524,1791,2771,s
ø,114.25,603,1871,2678,u
i,86.00,393,2249,2631,u
o,91.07,623,1092,3021,u
u,146.29,492,1174,2628,s
ʌ,101.21,973,1313,2959,u
e,72.13,682,2050,2917,s
ʌ,77.80,759,1397,2728,u
o,121.14,667,1082,2951,u
ʌ,88.55,886,1408,2939,u
e,84.79,657,2035,2844,s
ʌ,82.69,755,1439,2661,u
o,107.02,605,1068,2710,u
e,81.09,589,2250,2989,s
e,80.68,574,2138,2847,u
ʌ,135.43,823,1280,2648,u
e,79.87,596,2182,2929,s
e,78.89,559,2213,2858,u
ʌ,149.72,777,1215,2638,u
ʌ,66.01,870,1486,2770,u
ue,60.10,637,1759,2887,s
u,84.23,369,1313,2902,u
i,63.57,391,2499,2869,u
o,101.31,694,1288,2717,u
ʌ,83.35,990,1533,2789,u
ue,62.06,591,1730,2750,s
u,54.79,403,1407,2878,u
i,66.04,338,2450,2889,u
o,123.46,690,1171,2635,u
øe,60.79,497,1829,2695,u
øe,80.99,605,1812,2734,s
ø,129.97,553,1777,2547,u
i,150.04,363,2405,2882,u
øe,66.18,485,1824,2711,u
øe,95.07,565,1843,2680,s
ø,129.92,560,1815,2603,u
i,160.35,350,2479,2969,u
o,162.47,664,947,3064,s
o,206.24,648,936,3100,s
ɛe,88.45,786,2113,2929,s
e,75.78,650,2044,2825,u
e,59.53,543,1938,2854,u
o,142.00,683,1230,2572,u
ɛe,113.79,778,2235,2998,s
e,76.81,628,2019,2802,u
e,57.35,514,1941,2824,u
o,136.99,603,1050,2883,u
ʌ,85.80,946,1337,2900,u
ue,59.80,623,1714,2807,s
u,70.05,406,1125,3029,u
e,71.07,570,1974,2775,u
ɛ,148.47,708,1830,2712,u
ʌ,86.85,953,1415,2929,u
ue,55.15,684,1846,2782,s
u,68.40,449,1238,3034,u
e,72.96,501,2069,2829,u
ɛ,105.18,693,1846,2731,u
ʌ,79.16,930,1350,2901,u
ue,68.90,598,1610,2833,s
u,67.77,403,1265,2920,u
e,80.76,559,1953,2776,u
ɛ,128.56,775,1868,2720,u
ʌ,131.31,849,1093,2960,u
ee,88.15,593,2088,2834,s
ʌ,98.09,794,1520,2661,u
ʌ,162.31,819,1293,2684,u
ee,96.78,543,2193,2934,s
ʌ,183.36,814,1216,2793,u
o,126.96,538,940,2951,u
ʌ,88.28,843,1302,2806,u
ee,58.00,629,2039,2851,s
ʌ,82.56,740,1518,2655,u
e,76.05,593,1893,2853,u
ɛ,158.80,743,2059,2917,u
ue,112.17,375,1207,2670,s
u,94.83,417,1611,2748,u
i,79.41,392,2415,2740,u
ie,84.91,447,2668,3053,u
ie,87.99,503,2613,3190,s
i,61.26,391,2588,3056,u
ʌ,140.43,764,1330,2726,u
ʌ,112.96,787,1237,2902,u
ue,85.24,528,1434,2783,s
u,64.82,444,1319,2878,u
e,128.75,735,1852,2797,u
ee,91.49,524,2310,2923,s
ʌ,176.56,824,1224,2751,u
e,156.89,466,2202,2890,u
øe,73.79,481,1891,2737,u
øe,124.15,564,1754,2646,s
ø,135.21,571,1760,2537,u
ø,161.19,551,1900,2617,u
ee,58.12,539,2172,2832,u
ee,91.62,603,2162,2878,s
a,119.02,985,1835,2912,u
e,93.28,631,2030,2893,u
ɛ,134.12,644,1978,2900,u
ee,133.73,532,2319,2885,s
e,125.25,577,2311,2849,u
e,131.72,591,2156,2709,u
ʌ,119.80,848,1263,2728,u
ue,88.95,524,1518,2844,s
u,62.30,436,1522,2927,u
e,142.98,639,2080,2770,u
ee,99.94,529,2270,2770,s
ee,113.87,515,2318,2862,s
e,103.77,603,2260,2707,u
e,145.41,681,2059,2601,u
ie,69.13,363,2423,2786,s
i,67.81,362,2568,2993,u
e,60.95,598,1871,2878,u
ʌ,175.78,914,1228,2934,u
ie,85.23,339,2500,3060,s
i,58.36,358,2509,3149,u
e,64.54,561,2055,2888,u
ʌ,186.06,883,1230,2441,u
ʌ,104.32,847,1252,2711,u
oe,57.70,625,1391,2811,s
o,60.76,582,1190,2954,u
i,90.71,404,2524,2740,u
o,62.72,642,1239,2666,u
ʌ,124.62,1020,1181,2864,u
oe,76.05,582,1370,2800,s
o,60.61,547,1328,2869,u
i,90.19,404,2427,2793,u
o,58.60,659,1302,2390,u
øe,75.44,484,1795,2556,u
øe,113.24,547,1788,2665,s
ø,115.71,568,1835,2544,u
ʌ,210.52,832,1239,2516,u
ie,77.42,452,2647,3425,u
ie,101.33,499,2683,2913,s
i,63.98,413,2608,3101,u
i,137.40,368,2533,2942,u
ʌ,131.27,939,1188,2748,u
ue,91.24,558,1313,2757,s
u,69.64,365,1218,2743,u
ʌ,164.64,851,1343,3015,u
ʌ,107.04,889,1374,2875,u
ue,83.06,588,1490,2763,s
u,76.26,391,1188,2789,u
ʌ,177.19,944,1262,3140,u
øe,62.89,470,1766,2653,u
øe,90.75,572,1718,2688,s
ø,109.44,574,1768,2591,u
øo,132.97,600,1702,2617,u
ee,52.28,562,2154,2804,u
ɛe,145.81,845,2290,2986,s
e,73.38,595,2038,2838,u
e,142.33,660,2065,2941,u
ee,107.41,741,2248,2959,s
ee,79.88,538,2140,2855,u
e,112.93,697,1779,2649,u
oe,98.60,622,1096,2749,s
o,112.00,619,1064,2684,u
e,58.80,597,2081,2849,u
e,101.28,623,2022,3031,u
ɛ,145.77,714,1836,2813,u
øe,121.77,577,1718,2647,s
ø,102.77,587,1819,2630,u
øo,113.23,631,1674,2606,u
ee,79.04,573,2312,2944,u
ee,101.14,654,2165,2888,s
a,124.35,1032,1830,2939,u
e,94.87,676,1952,2714,u
ee,65.20,534,2160,2841,u
ɛe,127.77,748,2321,2968,s
e,70.69,641,2042,2885,u
o,139.42,631,1160,2860,u
ie,72.24,324,2405,2968,s
i,56.23,327,2570,3000,u
e,64.22,613,1965,2782,u
e,124.10,680,1877,2843,u
øe,115.43,560,1696,2675,s
øe,92.26,573,1768,2601,u
ø,64.73,443,1992,2694,u
ɛ,127.57,689,1714,2697,u
ee,119.17,554,2223,2808,s
a,168.40,1049,1794,2655,u
e,119.05,579,2015,2762,u
øe,118.01,565,1728,2618,s
ø,113.72,585,1822,2600,u
i,146.36,387,2494,2980,u
ee,57.34,521,2171,2759,u
ɛe,116.43,824,2226,2957,s
e,71.98,658,2029,2913,u
e,76.61,611,2014,2913,u
ɛ,147.00,715,2014,2656,u
ʌ,106.83,912,1273,2797,u
ee,63.74,648,2072,2839,s
ʌ,80.03,787,1452,2689,u
e,79.85,627,1868,2710,u
o,119.29,795,1075,1536,u
ɛe,82.03,723,2235,2903,s
e,82.88,597,1994,2861,u
e,61.26,504,2072,2858,u
ɛ,134.89,678,1760,2726,u
ee,84.54,604,2125,2855,s
e,77.04,584,2094,2761,u
e,60.31,486,2071,2769,u
o,128.75,631,1130,2819,u
ʌ,88.16,870,1333,2690,u
oe,76.31,630,1354,2791,s
o,55.20,600,1153,2970,u
e,82.93,619,1997,2863,u
ɛ,134.49,737,1860,2782,u
ee,97.23,603,2084,2700,s
ʌ,140.22,849,1252,2833,u
e,69.78,582,1940,2818,u
ɛ,127.10,712,1738,2883,u
ie,97.87,483,2605,3314,s
i,64.95,376,2514,2893,u
e,107.02,705,1689,2635,u
ee,125.21,555,2261,2763,s
e,118.59,489,2347,2734,u
øe,87.78,588,1767,2520,s
ø,81.85,592,1808,2775,u
i,42.04,542,2720,3210,u
ɛ,134.55,929,1933,2782,u
øe,104.02,548,1804,2710,s
ø,109.38,557,1901,2678,u
i,67.51,396,2446,2555,u
o,106.72,690,1210,2771,u
øe,122.74,524,1784,2764,s
ø,112.04,562,1968,2615,u
i,51.22,390,2514,2696,u
o,106.76,628,1120,2604,u
øe,112.87,523,1781,2631,s
ø,119.00,583,1813,2626,u
i,48.68,388,2480,2798,u
o,93.70,663,1209,2184,u
ʌ,65.28,772,1362,2900,u
ue,57.70,520,1428,2800,s
u,43.55,427,1305,2907,u
o,127.49,631,1215,2680,u
ʌ,100.84,912,1320,2906,u
e,81.49,655,2090,2857,s
ʌ,91.55,781,1414,2668,u
i,79.83,394,2450,2833,u
o,96.06,704,1146,2461,u
ee,94.82,620,2206,2853,s
e,81.19,546,2198,2810,u
e,130.97,559,1831,2688,u
ʌ,100.81,934,1224,2784,u
ue,56.96,609,1646,2677,s
u,73.04,441,1293,2774,u
e,58.52,488,2077,2774,u
ɛ,103.97,672,1753,2719,u
ee,91.51,538,2147,2831,s
a,162.26,982,1717,2626,u
ʌ,155.81,721,1246,2918,u
ee,112.20,602,2126,2820,s
a,150.11,936,1680,2621,u
e,75.95,516,2036,2902,u
o,139.53,659,1136,2911,u
ie,97.65,529,2532,3023,s
i,63.48,434,2526,2910,u
i,124.95,388,2614,2993,u
ee,106.94,567,2187,2828,s
ɛa,145.66,771,2201,2908,u
i,80.37,402,2606,3075,u
ɛ,95.11,788,1958,2773,u
ie,92.87,500,2568,3424,s
i,66.92,397,2565,2979,u
e,64.93,437,2278,2932,u
o,139.24,704,1175,2716,u
ie,93.49,487,2425,2988,s
i,51.20,362,2548,3001,u
e,70.44,596,2025,2767,u
o,145.42,692,1188,2672,u
ee,86.65,522,2263,2859,u
ee,102.61,630,2166,2876,s
a,150.82,1065,1683,2591,u
e,125.72,603,2291,2858,u
ie,82.29,433,2523,2927,u
ie,92.75,461,2669,3009,s
i,50.09,355,2625,2998,u
e,107.75,696,1658,2531,u
ee,90.81,512,2219,2851,s
ɛa,158.39,700,2216,2864,u
i,177.60,370,2595,2822,u
oe,73.77,556,932,2936,s
o,140.87,611,1118,2667,u
e,73.87,551,2133,2850,u
e,117.54,612,2056,2984,u
ee,96.37,657,2329,2975,s
e,76.35,601,2115,2784,u
e,108.07,687,1887,2798,u
ee,105.19,637,2401,3041,s
e,96.70,653,2287,2911,u
i,172.18,355,2688,2747,u
ee,86.36,518,2113,2717,s
ʌ,175.64,805,1181,2746,u
ʌ,175.89,761,1052,2965,u
ee,70.09,508,2366,3026,u
ee,101.86,548,2237,2972,s
a,121.67,986,1732,2825,u
ʌ,183.97,1123,1204,3117,u
ie,76.76,443,2677,3316,s
i,69.40,343,2710,3018,u
e,92.56,639,1850,2770,u
o,130.05,793,998,3456,u
oe,79.30,560,1018,2822,s
o,168.18,795,1295,2696,u
e,64.52,619,1959,2856,u
ʌ,211.38,896,1227,3236,u
oe,67.34,573,1001,2788,s
o,145.59,798,1328,2699,u
e,67.32,572,1881,2917,u
ʌ,211.35,860,1223,3217,u
øe,72.10,472,1886,2714,u
øe,96.97,535,1791,2695,s
ø,132.84,527,1859,2723,u
i,219.81,358,2539,2787,u
ie,71.75,457,2596,3115,s
i,51.57,377,2512,2985,u
i,71.95,373,2587,3007,u
o,112.13,738,1305,3021,u
ee,83.42,570,2165,2892,s
e,83.50,551,2237,2858,u
ʌ,137.90,765,1265,2662,u
ee,91.62,524,2307,2831,s
e,89.12,474,2350,2747,u
i,150.45,370,2568,2924,u
ɛ,116.67,654,2011,2842,u
e,83.95,537,2388,2840,s
e,84.29,492,2347,2806,u
i,54.44,405,2462,2844,u
ɛ,148.19,693,2149,2761,u
ee,86.26,544,2284,2834,s
a,150.72,1003,1839,2722,u
o,154.66,540,1061,2842,u
ee,81.33,576,2232,2877,s
e,71.13,523,2191,2894,u
i,41.09,385,2422,2947,u
o,93.99,701,1123,2913,u
oe,73.48,576,997,2810,s
o,168.08,792,1302,2496,u
e,83.41,548,2201,2961,u
e,139.97,587,2245,3010,u
ʌ,121.27,930,1185,2675,u
oe,108.70,585,1194,2852,s
o,55.90,564,1151,2938,u
e,131.77,747,1984,2811,u
ee,81.57,534,2244,2813,s
ʌ,193.26,815,1212,2630,u
e,108.04,608,2017,2728,u
ie,64.06,457,2672,3332,u
ie,77.75,469,2770,3157,s
i,67.28,336,2639,3067,u
e,143.28,579,2071,2696,u
øe,88.91,555,1785,2497,s
ø,84.65,581,1748,2631,u
øo,139.27,626,1764,2862,u
ʌ,111.55,848,1213,2893,u
oe,87.08,618,1349,2955,s
o,46.07,561,1277,2822,u
e,112.28,837,1865,2846,u
ʌ,95.90,873,1313,2648,u
ue,59.24,545,1571,2781,s
u,73.38,435,1415,2821,u
e,130.35,650,1817,2681,u
ʌ,91.56,847,1254,2638,u
oe,88.43,613,1274,2826,s
o,74.56,567,1267,2869,u
e,129.27,777,1797,2825,u
ʌ,102.14,821,1269,2737,u
oe,86.10,604,1319,2827,s
o,80.92,557,1289,2749,u
i,159.09,375,2496,2862,u
ɛe,93.50,613,2226,2809,s
e,86.10,528,2109,2844,u
i,91.43,350,2586,2961,u
o,91.65,732,1198,2074,u
ʌ,96.02,815,1284,2761,u
oe,84.64,598,1345,2812,s
o,52.12,548,1173,2972,u
i,157.75,386,2465,2800,u
ee,76.69,565,2170,2770,s
a,141.86,917,1714,2642,u
e,77.69,631,1961,2840,u
ɛ,147.39,674,1955,2923,u
ee,91.12,588,2194,3050,s
ɛa,113.24,688,2104,2952,u
i,82.62,377,2583,3048,u
o,90.67,925,1378,3175,u
ee,64.85,552,2331,3007,u
ee,103.14,581,2183,2923,s
ɛa,118.23,696,2062,2932,u
ʌ,111.39,862,1240,2898,u
ue,63.87,547,1456,2880,s
u,61.39,429,1308,3030,u
e,62.28,529,1977,2737,u
o,127.71,643,1147,2916,u
ie,71.70,433,2484,3029,s
i,74.48,398,2567,2934,u
i,81.23,402,2335,2903,u
i,215.29,410,2587,3004,u
ɛe,80.10,706,2314,2936,s
e,85.31,599,2014,2790,u
e,129.73,617,1913,2813,u
ʌ,100.63,868,1471,2892,u
oe,70.63,627,1363,2877,s
o,52.16,540,1216,2874,u
e,176.19,563,2050,2672,u
ue,93.60,453,1154,2726,s
u,91.79,351,1314,2794,u
e,137.91,711,1850,2716,u
ue,75.39,407,1169,2618,s
u,103.94,317,1142,2712,u
o,177.15,619,1116,2787,u
ue,74.47,471,1211,2679,s
u,102.93,320,1119,2783,u
o,160.81,641,1059,3121,u
ee,44.81,519,2157,2871,u
ɛe,98.60,788,2295,3007,s
e,79.23,605,2082,2825,u
i,147.05,444,2582,3062,u
ie,56.59,422,2591,2932,u
ie,77.49,452,2661,3019,s
i,41.28,313,2619,3096,u
e,99.07,605,1942,2865,u
ɛ,132.93,709,1885,2742,u
ʌ,91.27,848,1370,2817,u
ue,62.83,569,1566,2887,s
u,73.06,423,1534,2896,u
i,163.37,387,2525,2832,u
ʌ,84.50,826,1341,2790,u
ue,54.34,577,1492,2783,s
u,75.08,357,1220,3072,u
e,94.29,574,1870,2707,u
o,129.46,881,1150,2488,u
øe,81.94,536,1829,2634,s
ø,81.80,595,1843,2772,u
ʌ,201.08,1002,1215,3043,u
ø,74.89,501,1809,2684,s
ø,80.81,589,1762,2770,u
ʌ,175.89,998,1162,2907,u
øe,105.97,549,1781,2722,s
ø,113.75,589,1764,2556,u
øo,120.31,602,1649,2587,u
ʌ,110.99,874,1205,2811,u
oe,71.38,609,1386,2898,s
o,47.06,591,1244,3021,u
e,49.18,467,2089,2870,u
ɛ,87.24,674,1740,2723,u
ʌ,100.70,903,1295,2960,u
ee,66.10,642,2108,2901,s
ʌ,80.85,723,1519,2711,u
e,89.76,730,1684,2756,u
ʌ,100.87,886,1333,2811,u
e,59.74,633,2063,2874,s
ʌ,69.38,703,1444,2714,u
e,42.02,390,2017,2880,u
o,32.45,591,1327,2622,u
ʌ,69.37,861,1371,2804,u
ue,62.03,567,1663,2758,s
u,39.76,454,1460,2852,u
e,73.76,580,1913,2949,u
ɛ,148.46,666,1927,2816,u
ee,84.54,583,2149,2947,s
a,125.71,975,1612,2614,u
e,106.21,608,1916,2705,u
e,98.40,572,2236,2984,s
ɛa,135.10,616,2106,2804,u
i,179.37,376,2559,2980,u
oe,75.95,531,965,2908,s
o,142.85,592,1153,2746,u
ie,72.29,411,2526,3059,u
i,151.23,405,2722,3158,u
ie,73.30,291,2718,3247,u
ie,95.20,443,2703,3141,s
i,47.00,331,2705,3247,u
o,132.07,624,1031,2724,u
ie,51.83,415,2688,3242,u
ie,75.72,445,2736,3158,s
i,51.59,317,2565,3048,u
o,144.71,585,1089,2828,u
e,61.56,521,2284,3031,u
ɛe,80.10,740,2276,2996,s
e,79.73,601,1977,2787,u
e,106.80,638,1921,2927,u
ʌ,87.90,877,1466,3009,u
e,71.57,596,2182,3029,s
ʌ,87.23,743,1578,2876,u
e,49.98,435,2038,3015,u
ɛ,101.73,726,1785,2860,u
ʌ,94.52,863,1390,2946,u
ue,52.31,536,1635,2853,s
u,67.62,427,1745,2877,u
i,123.66,360,2612,3067,u
o,89.55,585,1170,2684,u
ʌ,85.96,872,1348,2857,u
ue,48.42,542,1761,2853,s
u,59.69,374,1466,2899,u
i,82.79,351,2686,3702,u
o,82.02,743,1219,2763,u
e,65.00,509,2283,2962,u
e,92.87,602,2202,2960,s
a,122.62,1036,1729,2594,u
o,49.79,778,1458,2864,u
e,69.39,551,2192,2976,s
e,69.59,455,2286,2920,u
i,128.40,391,2467,2947,u
øe,95.19,536,1772,2663,s
ø,84.56,554,1750,2700,u
øe,138.58,596,1950,2895,u
ue,90.12,468,1201,2725,s
u,75.08,385,1371,2784,u
e,161.11,578,2060,2778,u
ue,56.92,444,1166,2917,s
u,70.32,413,1298,2899,u
e,103.09,588,1927,2874,u
ɛ,206.99,713,1967,2889,u
ɛe,78.37,766,2314,3089,s
e,87.10,592,2014,2830,u
e,95.32,610,1752,2873,u
o,132.74,938,1370,3417,u
ie,81.84,338,2516,2823,s
i,67.49,367,2567,2972,u
e,92.08,572,2050,2903,u
e,143.66,556,2191,2909,u
ʌ,113.14,1025,1267,2924,u
e,83.88,625,2123,3008,s
ʌ,105.93,785,1463,2665,u
e,132.06,526,2003,2812,u
ie,91.71,428,2753,3164,s
i,66.06,396,2581,2988,u
e,59.88,432,2215,2942,u
ɛ,160.26,789,1839,2854,u
øe,107.40,551,1641,2666,s
ø,114.76,528,1712,2674,u
ø,51.40,448,2073,2816,u
o,141.68,597,1091,2877,u
øe,100.73,550,1713,2775,s
ø,92.98,532,1741,2691,u
øe,44.61,437,1973,2810,u
o,146.42,709,1100,2632,u
ie,75.64,340,2531,3045,s
i,64.55,346,2583,3100,u
e,66.84,571,2013,2909,u
e,89.15,584,1938,2650,u
ɛ,173.97,775,1959,2936,u
oe,88.77,568,1071,2786,s
o,117.45,608,1144,2737,u
e,61.36,561,2047,2844,u
o,138.44,903,1440,3120,u
øe,71.35,497,1825,2733,u
ø,105.03,589,1733,2813,s
øe,108.01,533,1774,2564,u
o,140.74,581,1206,2600,u
ʌ,91.16,846,1300,2861,u
oe,69.81,619,1465,2984,s
o,56.97,544,1287,2920,u
e,56.33,442,1988,2835,u
o,129.95,592,1192,2866,u
ʌ,91.05,857,1390,2899,u
oe,74.83,620,1421,2955,s
o,51.05,556,1214,2996,u
e,55.47,458,2021,2926,u
o,117.35,576,1117,2762,u
e,94.46,517,2316,2473,s
e,103.83,555,2226,2756,u
ʌ,169.98,807,1270,2867,u
øe,83.16,503,1807,2553,s
ø,90.48,556,1786,2672,u
i,181.86,381,2292,2748,u
ʌ,104.14,947,1284,2954,u
e,88.76,612,2109,2904,s
ʌ,93.84,726,1571,2662,u
i,151.52,357,2605,2723,u
ɛe,75.05,814,2318,3108,s
e,86.17,575,2104,2837,u
i,186.67,383,2562,2948,u
ue,74.02,445,1147,2665,s
u,81.24,448,1841,2886,u
i,82.27,367,2604,3013,u
ɛ,117.00,833,2042,2797,u
ʌ,103.57,890,1312,3009,u
oe,82.31,602,1375,2996,s
o,57.37,586,1216,3023,u
e,75.85,607,1808,2822,u
o,108.96,970,1331,3334,u
ie,83.32,337,2562,2907,s
i,68.44,367,2658,3031,u
e,78.36,611,1959,2851,u
o,126.15,888,1329,3315,u
e,102.62,556,2227,3011,s
a,139.66,1064,1800,2152,u
e,72.73,486,2122,3026,u
ɛ,153.98,680,1874,2868,u
e,79.80,558,2203,2955,s
ʌ,186.97,802,1233,2754,u
i,102.72,310,2572,3278,u
ɛ,110.12,813,1973,2872,u
øe,75.66,596,1754,2664,s
ø,87.25,511,1742,2952,u
øe,80.17,591,1855,3057,u
ɛ,161.50,757,1940,2901,u
ʌ,110.93,885,1315,3065,u
ue,64.35,552,1577,2991,s
u,51.38,390,1538,2921,u
i,130.83,325,2532,2782,u
e,64.84,526,2184,2914,u
ɛe,119.44,716,2351,3042,s
e,65.56,653,1966,2833,u
ʌ,184.69,1078,1304,3058,u
ue,87.72,414,1165,2820,s
u,97.59,311,1202,2875,u
ʌ,183.87,789,1346,2740,u
e,88.51,596,2130,2980,s
a,144.32,1015,1716,2378,u
e,77.05,580,1898,2792,u
o,132.37,831,1336,3363,u
oe,86.43,613,1010,2886,s
o,168.08,611,1307,2490,u
ie,88.92,412,2472,2885,u
i,95.59,459,2725,3352,u
ɛ,174.31,1086,1843,2828,u
i,64.69,324,2447,2860,s
i,67.45,314,2625,3124,u
ie,65.08,408,2422,2957,u
i,91.09,364,2786,3284,u
ɛ,159.55,840,1952,2856,u
øe,82.58,554,1770,2604,s
ø,69.13,544,1794,2848,u
o,157.40,674,1153,3068,u
øe,66.71,481,1873,2762,u
øe,62.99,583,1813,2800,s
ø,114.07,591,1791,2667,u
øe,105.14,509,2041,2959,u
ɛ,171.62,761,1907,2880,u
e,71.09,603,2163,2906,s
e,82.64,533,2197,2915,u
o,113.93,668,1098,2919,u
ɛe,61.50,744,2317,3170,s
e,76.69,583,2115,2892,u
e,64.97,509,2040,2868,u
o,134.99,781,1153,2841,u
ʌ,105.97,880,1430,2854,u
e,86.03,679,2126,2975,s
ʌ,91.85,830,1446,2683,u
e,115.67,645,1902,2823,u
e,98.67,553,2251,2869,s
e,115.42,579,2171,2806,u
e,147.12,645,1950,2626,u
e,84.13,533,2279,2858,s
e,88.60,570,2221,2837,u
e,124.05,596,2031,2718,u
ɛ,187.91,755,1927,2837,u
e,90.86,612,2175,2931,s
e,55.15,530,2132,3001,u
e,57.14,439,2185,2907,u
ɛ,133.62,735,1918,2893,u
ʌ,97.32,913,1351,2992,u
e,64.92,613,2119,2974,s
ʌ,98.74,794,1402,2745,u
o,125.66,624,1137,2870,u
e,79.70,550,2264,2934,s
a,139.91,1037,1784,2284,u
e,161.42,511,2257,2901,u
e,84.28,595,2235,3007,s
e,65.37,558,2178,2930,u
e,71.20,653,1856,2979,u
o,120.76,993,1342,3377,u
ʌ,98.61,872,1314,2941,u
oe,79.88,614,1385,2967,s
o,66.96,550,1096,3066,u
ʌ,176.49,930,1376,2955,u
ʌ,114.06,931,1208,3075,u
e,81.00,640,2164,3008,s
ʌ,109.98,799,1516,2695,u
i,158.43,392,2532,2960,u
e,71.75,598,2204,3007,s
e,74.52,524,2263,2821,u
e,94.98,620,2041,2965,u
ɛ,148.79,763,1967,2919,u
ø,170.77,595,1734,2663,s
ʌ,148.21,892,1241,2813,s
o,99.88,539,923,3033,s
a,149.02,1121,1602,2977,s
o,180.54,578,941,3073,s
i,102.76,292,2513,2980,s
ø,93.82,545,1750,2591,s
ʌ,120.12,870,1197,3063,s
u,86.24,306,1414,2741,s
a,150.44,1029,1653,2672,s
u,103.31,315,1423,2863,s
u,134.34,304,1165,2803,s
a,206.22,1194,1724,2295,s
ɛ,196.11,643,2305,2891,s
o,105.57,591,942,3052,s
ʌ,193.98,865,1178,3093,s
i,163.21,280,2722,2817,s
u,210.19,371,840,2498,s
e,118.97,507,2371,2804,s
u,104.39,388,1126,3196,s
o,94.72,553,1149,2726,s
i,70.88,288,2019,2779,s
i,116.03,389,2848,3288,s
e,213.54,521,2250,2847,s
u,224.62,351,1134,3041,s
o,235.52,503,985,2909,s
ø,123.20,568,1712,2599,s
ø,139.27,509,1848,2579,s
ʌ,186.32,800,1194,2994,s
a,103.91,949,1914,2639,s
ʌ,160.03,768,1200,2758,s
e,141.69,503,2308,2832,s
a,121.85,1123,1723,2555,s
a,127.03,993,1845,2595,s
e,169.53,399,2521,2940,u
a,143.12,1097,1952,2321,s
e,148.89,438,2481,2972,u
a,123.74,997,1991,2733,s
e,141.94,439,2387,2841,u
a,138.23,1051,1834,2672,s
e,158.60,443,2373,2910,u
a,135.53,1001,1767,2462,s
e,148.07,472,2556,2991,u
a,127.48,1041,1885,2760,s
ɛ,150.16,731,2300,2985,u
a,116.08,1065,1843,2651,s
ɛ,138.69,648,2225,2811,u
a,138.90,1087,1903,2692,s
ɛ,203.96,693,2065,2864,u
a,150.74,1135,1851,2682,s
ɛ,139.76,608,2176,2767,u
a,131.39,1054,1798,2407,s
ɛ,150.59,710,2360,2953,u
a,134.67,1107,1797,2681,s
e,174.23,532,2296,2820,u
a,131.70,1075,1814,2650,s
e,174.03,505,2326,2929,u
a,138.62,1103,1851,2661,s
e,165.77,504,2369,2705,u
a,132.57,1048,1815,2603,s
e,170.40,497,2372,2777,u
a,127.47,1077,1820,2669,s
e,217.28,524,2334,2884,u
a,123.40,1060,1849,2664,s
ɛ,184.70,627,2265,3036,u
a,134.80,1047,1665,2650,s
ɛ,177.40,607,2166,2921,u
a,143.01,1098,1909,2742,s
ɛ,181.14,570,2356,2507,u
a,157.93,1071,1696,2652,s
ɛ,188.49,594,2343,2975,u
a,154.61,1099,1825,2660,s
ɛ,198.60,619,2306,2947,u
ʌ,113.05,884,1319,2951,u
ue,73.11,509,1481,2862,s
u,64.03,393,1306,2796,u
e,127.00,610,2108,2753,u
e,73.68,622,2357,3119,u
ɛe,168.13,751,2428,3051,s
e,101.99,717,2174,2977,u
e,163.11,611,2426,2932,u
e,89.89,544,2343,2915,s
e,58.32,514,2219,2812,u
e,65.81,514,2312,2873,u
o,133.31,680,1125,2575,u
ie,81.17,425,2758,3282,u
ie,88.04,498,2664,3367,s
i,71.35,415,2691,3031,u
e,126.76,663,1898,2771,u
e,115.75,534,2275,3183,s
ɛa,144.04,754,2242,2868,u
i,187.25,367,2641,2959,u
ie,78.61,413,2510,2821,s
i,86.31,441,2593,3024,u
ie,89.33,414,2640,3050,u
i,142.29,462,2732,3097,u
e,93.39,567,2254,2881,s
ɛa,141.28,661,2224,2757,u
i,91.93,392,2586,3136,u
o,93.00,893,1267,2919,u
ue,87.41,369,1120,2648,s
u,111.37,336,1124,2620,u
i,134.50,348,2620,3160,u
ɛ,209.95,760,1954,2700,u
ɛe,112.11,793,2332,2915,s
e,79.71,618,2044,2702,u
e,84.56,544,2078,2798,u
ɛ,238.10,797,1888,2736,u
oe,77.34,538,1015,2896,s
o,191.94,796,1220,2765,u
e,93.62,572,2156,2717,u
e,188.29,595,2144,2815,u
oe,67.66,559,877,2755,s
o,177.78,815,1237,2569,u
i,93.18,415,2572,2976,u
i,117.22,543,2788,3101,u
ɛ,204.62,887,2157,2831,u
ie,75.85,425,2722,3327,u
ie,99.69,524,2696,3121,s
i,60.14,429,2655,2990,u
ʌ,176.08,822,1243,2906,u
ʌ,119.49,864,1308,3050,u
ue,87.99,532,1276,2798,s
u,67.15,429,1187,2816,u
ʌ,201.35,949,1284,2998,u
e,102.93,596,2231,2531,s
a,136.85,999,1752,2622,u
e,86.81,581,1924,2828,u
o,142.38,609,992,3084,u
ʌ,95.72,827,1220,3026,u
ue,66.60,566,1618,2912,s
u,82.93,450,1371,2943,u
i,109.19,368,2563,2987,u
o,98.38,672,1179,3038,u
øe,91.80,498,1823,2674,u
øe,139.01,551,1714,2660,s
ø,144.08,523,1810,2587,u
i,150.26,354,2575,2934,u
e,100.60,607,2288,2859,s
e,87.01,504,2252,2766,u
e,139.07,696,2135,2749,u
øe,110.27,530,1736,2521,s
ø,84.76,573,1831,2688,u
ʌ,164.78,926,1307,2857,u
e,105.70,531,2295,2928,s
e,120.31,533,2312,2753,u
e,131.87,671,2078,2640,u
ie,93.21,512,2623,3377,s
i,67.06,414,2653,3118,u
e,74.45,444,2234,2838,u
o,131.08,729,1132,2936,u
ie,70.37,500,2666,3107,s
i,55.93,392,2725,2959,u
e,66.08,491,2088,2873,u
o,129.07,629,1128,2790,u
ʌ,105.68,899,1283,2785,u
ue,75.26,543,1387,2777,s
u,77.47,454,1181,2841,u
e,147.88,664,2056,2874,u
e,88.59,546,2001,2569,s
a,120.33,1053,1644,2659,u
e,182.95,563,2183,2891,u
e,91.22,544,2174,2741,s
ʌ,190.59,792,1220,2655,u
i,102.52,345,2746,3219,u
ɛ,149.55,807,1908,2828,u
ʌ,81.99,928,1336,2717,u
ue,57.50,566,1454,2788,s
u,48.41,429,1287,2791,u
e,101.25,644,1949,2837,u
ɛ,189.79,804,2088,2826,u
ʌ,102.90,839,1114,2924,u
oe,90.90,584,1311,2825,s
o,53.52,556,1127,2947,u
e,115.44,551,2214,2869,u
ʌ,139.21,875,1050,3032,u
ue,72.76,537,1319,2854,s
u,63.08,433,1137,2863,u
o,155.79,611,1209,3008,u
oe,57.84,582,985,2886,s
o,141.87,864,1250,2720,u
e,76.80,604,2095,2901,u
e,98.48,620,2107,2902,u
ɛ,150.76,704,1999,2847,u
øe,88.67,575,1810,2591,s
ø,81.17,522,1862,2700,u
i,121.73,527,2680,3469,u
ɛ,113.25,932,2041,2914,u
e,81.44,610,2172,2832,s
e,77.39,592,2152,2728,u
i,63.34,397,2490,2894,u
o,93.73,605,1143,2858,u
øe,66.84,462,1823,2615,u
øe,95.97,555,1751,2654,s
ø,117.47,557,1774,2546,u
o,172.80,587,1108,2615,u
e,81.81,523,2222,2902,s
a,155.75,1048,1678,2722,u
e,121.53,628,2051,2784,u
ʌ,113.69,877,1317,2825,u
e,78.88,577,2208,2900,s
ʌ,84.41,759,1387,2625,u
o,121.88,588,1041,2742,u
e,98.55,641,2304,2970,s
e,76.15,624,2061,2771,u
e,84.05,655,1901,2727,u
o,117.00,594,1105,2974,u
ʌ,97.95,916,1306,3083,u
e,76.87,620,2117,2963,s
ʌ,91.12,823,1330,2815,u
e,76.60,603,1920,2711,u
o,116.09,624,1056,3397,u
ie,98.27,390,2609,2851,s
i,69.29,433,2526,2934,u
e,79.53,602,2010,2835,u
e,137.01,691,1905,2886,u
øe,85.90,489,1799,2621,u
øe,137.02,575,1698,2622,s
ø,112.38,509,1694,2566,u
ʌ,201.70,761,1197,2586,u
ʌ,103.33,867,1191,3138,u
oe,91.20,601,1283,2926,s
o,62.17,566,1085,3023,u
e,115.12,738,1820,2685,u
ʌ,103.80,845,1300,2760,u
ue,93.58,583,1506,2832,s
u,81.88,464,1390,2830,u
i,156.81,412,2391,2744,u
ie,85.72,433,2050,2662,s
i,76.88,396,2629,2999,u
e,69.70,539,2107,2828,u
ɛ,151.01,782,1856,2754,u
ʌ,97.85,888,1335,2777,u
oe,103.33,605,1281,2877,s
o,60.15,593,1206,2915,u
e,62.77,623,1670,2793,u
o,97.14,956,1377,3433,u
oe,105.67,560,1046,2994,s
o,117.74,635,1143,2742,u
e,84.55,583,1956,2704,u
e,92.64,699,1916,2888,u
ʌ,96.08,865,1349,2813,u
oe,97.81,601,1232,2860,s
o,75.93,595,1187,2864,u
i,64.14,419,2346,2708,u
o,102.42,716,1190,3185,u
e,109.02,649,2207,2922,s
e,84.28,509,2275,2847,u
i,144.82,381,2574,2778,u
ie,73.64,458,2584,3149,u
ie,99.56,495,2704,3208,s
i,57.54,422,2563,2894,u
o,127.14,610,1115,2776,u
e,93.49,551,2165,2790,s
ʌ,187.08,838,1140,2836,u
i,164.62,362,2684,3248,u
e,105.87,574,2235,3027,s
a,129.81,989,1663,2558,u
e,69.56,556,2006,2769,u
o,136.49,633,1076,2924,u
ie,77.07,437,2692,3202,u
ie,93.00,521,2104,2752,s
i,62.47,437,2612,3074,u
i,158.68,378,2583,2933,u
ɛe,127.59,722,2321,2940,s
e,86.82,643,2074,2726,u
e,85.66,618,2022,2943,u
o,136.49,612,1166,3049,u
ʌ,112.20,851,1235,2872,u
oe,84.14,632,1406,2915,s
o,71.38,597,1127,2873,u
e,119.95,646,2055,2766,u
oe,77.12,573,1059,2946,s
o,134.32,624,1086,2833,u
e,80.19,636,2022,2861,u
ʌ,183.75,925,1271,3242,u
ʌ,116.89,899,1281,2930,u
oe,93.66,585,1228,2775,s
o,70.42,566,1072,2938,u
ʌ,169.31,781,1150,2803,u
ʌ,105.52,1036,1310,3016,u
ue,80.59,562,1363,2925,s
u,55.60,412,1329,2763,u
e,67.52,516,2084,2870,u
ɛ,208.37,793,1926,2807,u
øe,94.46,562,1656,2618,s
ø,63.14,555,1715,2819,u
øe,78.87,664,1883,3034,u
ɛ,155.05,761,1888,2856,u
ue,96.09,367,1029,2759,s
u,116.78,379,1124,2745,u
o,173.99,596,1009,2932,u
e,83.44,532,2336,3035,u
e,115.56,582,2302,3081,s
a,124.39,1028,1690,2758,u
e,143.21,624,2340,3008,u
e,108.12,510,2399,2935,s
e,126.32,559,2296,2788,u
ʌ,234.72,777,1181,2868,u
e,91.89,640,2333,2541,s
e,73.11,536,2261,2845,u
e,143.42,660,1972,2619,u
ie,84.85,359,2588,3037,s
i,64.10,370,2688,3026,u
e,64.44,590,2016,2854,u
e,93.82,677,1915,3101,u
ɛ,194.72,760,1969,2827,u
e,103.39,532,2285,2810,s
e,88.72,509,2440,2730,u
i,103.06,401,2535,2870,u
ɛ,180.83,937,1963,2848,u
e,53.69,515,2183,2781,u
ɛe,100.58,772,1530,2536,s
e,46.97,611,1954,2872,u
e,86.89,673,1871,2114,u
ɛ,197.27,759,1843,2855,u
øe,96.37,500,1811,2599,s
ø,90.80,579,1840,2726,u
i,173.82,438,2809,3368,u
oe,94.84,580,931,2767,s
o,122.06,646,1088,2766,u
e,72.75,592,1935,2789,u
o,153.24,662,1059,3068,u
ʌ,75.27,924,1311,2827,u
oe,98.51,627,1296,2894,s
o,58.63,536,1023,3107,u
o,67.84,642,1337,2772,u
ʌ,97.85,866,1252,2898,u
oe,71.88,626,1431,2926,s
o,58.44,544,1066,3025,u
o,107.44,593,1059,2721,u
e,69.03,502,2350,2940,u
e,116.29,551,2280,2874,s
ɛ,110.86,762,2084,2335,u
i,169.86,588,2724,3196,u
ie,86.90,387,2502,2973,s
i,70.54,424,2666,3075,u
e,77.01,610,1975,2971,u
ʌ,186.87,834,1176,2987,u
ʌ,87.33,976,1366,2962,u
e,95.64,683,2145,2966,s
ʌ,103.26,815,1306,2769,u
e,110.04,634,1741,2685,u
ʌ,71.98,882,1351,2785,u
oe,80.26,624,1340,2948,s
o,61.20,573,1189,2843,u
e,64.02,480,1957,2851,u
o,155.31,582,1172,2582,u
ʌ,98.52,905,1312,2847,u
e,76.85,657,2117,2885,s
ʌ,79.29,772,1378,2707,u
e,96.46,672,1953,2846,u
ɛ,204.29,731,1833,2872,u
øe,134.00,570,1654,2743,s
ø,113.99,555,1707,2559,u
i,97.33,400,2436,2836,u
o,104.31,607,1055,2886,u
ue,89.99,405,1181,2540,s
u,97.13,424,1153,2818,u
e,147.66,684,1881,2775,u
ie,85.02,481,2476,3086,s
i,66.72,424,2722,2949,u
e,69.91,623,1724,2831,u
o,137.66,603,1019,2995,u
øe,63.89,477,1729,2701,u
øe,109.63,564,1565,2699,s
ø,96.45,578,1713,2665,u
øe,86.29,474,1896,2925,u
ɛ,144.82,752,1798,2881,u
e,74.98,556,2009,2812,s
ʌ,166.80,822,1200,2905,u
e,81.64,564,1837,2602,u
ɛ,148.23,743,1877,3087,u
ɛe,103.81,731,2306,2984,s
e,84.98,564,1868,2807,u
i,190.70,435,2485,2924,u
ɛe,104.81,665,2400,3018,s
e,100.10,616,2098,2867,u
i,188.33,390,2715,3043,u
ʌ,86.77,786,1268,2911,u
oe,94.03,608,1315,2861,s
o,51.64,552,1205,2878,u
e,56.39,478,2060,2835,u
ɛ,153.69,803,1802,2816,u
e,100.46,525,2136,2705,s
ɛ,143.27,731,2166,2852,u
i,146.80,398,2564,2993,u
e,65.80,535,2282,2910,u
ɛe,136.73,795,1437,2367,s
e,78.07,608,2071,2809,u
i,127.28,517,2619,2979,u
e,84.44,671,2281,2988,s
e,77.60,591,2161,2844,u
e,129.35,726,1846,2747,u
ʌ,111.95,985,1259,3093,u
e,89.05,673,2245,2911,s
ʌ,102.90,820,1527,2655,u
i,160.52,382,2506,2839,u
e,61.56,548,2234,2844,u
ɛ,117.43,893,2306,3001,s
e,77.96,670,2038,2779,u
e,137.89,775,1962,2923,u
ʌ,96.04,874,1313,2777,u
e,82.13,677,2157,2927,s
ʌ,74.37,807,1490,2641,u
e,123.80,657,1682,2649,u
ʌ,94.32,860,1325,2850,u
ue,82.48,567,1507,2759,s
u,60.27,460,1343,2903,u
e,128.77,745,1853,2961,u
øe,63.60,495,1789,2776,u
øe,105.62,627,1769,2731,s
ø,119.50,559,1673,2665,u
øe,184.88,531,1778,2585,u
e,65.94,546,2309,2941,u
e,86.40,648,2173,2896,s
a,118.27,911,1610,2692,u
o,173.49,747,985,2794,u
e,57.25,499,2226,2773,u
e,73.53,662,2251,2346,s
a,98.65,952,1633,2586,u
o,141.90,634,1133,2851,u
ʌ,86.62,887,1333,2823,u
e,74.94,615,2032,2895,s
ʌ,92.10,751,1359,2730,u
e,60.66,470,2027,2863,u
ɛ,143.26,705,1637,2731,u
øe,128.57,612,1670,2756,s
ø,121.67,547,1717,2638,u
i,145.76,374,2589,2904,u
e,87.19,554,2142,2739,s
ʌ,185.22,818,1215,2805,u
e,119.32,573,1933,2362,u
ʌ,81.67,865,1261,2993,u
oe,75.16,666,1500,2868,s
o,48.52,530,1110,3006,u
e,89.81,627,1928,2782,u
ɛ,177.04,765,1953,2804,u
ʌ,103.27,840,1320,3040,u
oe,85.07,614,1364,2913,s
o,77.65,531,1149,2878,u
i,142.02,385,2681,2789,u
e,84.45,671,2239,2885,s
e,71.47,534,2172,2825,u
e,92.02,659,1923,2889,u
ɛ,184.55,682,1906,2797,u
ɛe,77.58,741,2261,2949,s
e,91.50,619,1945,2803,u
e,122.27,660,1900,2736,u
e,79.21,626,2214,2946,s
e,66.22,555,2181,2791,u
e,79.39,517,2127,2928,u
ɛ,167.28,814,1909,2825,u
ʌ,81.75,904,1356,2801,u
ue,74.32,571,1445,2791,s
u,65.43,447,1468,2867,u
i,134.71,451,2798,2941,u
oe,93.45,579,1050,2929,s
o,131.34,634,1232,2627,u
ie,78.79,406,2555,2883,u
i,146.55,529,2614,2989,u
ʌ,82.22,889,1323,2973,u
e,80.02,694,2071,2914,s
ʌ,92.93,803,1358,2699,u
ʌ,187.72,762,1208,2755,u
ʌ,115.25,917,1292,3029,u
e,84.73,631,2206,2950,s
ʌ,91.05,809,1471,2678,u
i,142.98,373,2495,2849,u
e,98.49,617,2151,2859,s
a,131.64,1003,1666,2631,u
e,69.83,551,2274,2966,u
ɛ,152.37,700,1667,2770,u
øe,121.82,656,1645,2673,s
ø,109.72,555,1651,2679,u
øe,60.88,590,1641,2677,u
o,136.10,621,1042,3294,u
e,65.01,509,2236,2815,u
e,94.47,656,2216,2945,s
a,110.37,951,1681,2647,u
e,82.07,622,1850,2136,u
ɛ,175.90,763,1965,2715,u
ɛe,101.08,640,2355,2936,s
e,85.40,619,2072,2758,u
e,70.83,548,1926,2916,u
o,144.16,611,1059,2827,u
e,58.84,520,2136,3012,u
ɛe,89.18,831,2230,2985,s
e,69.95,705,1877,2985,u
o,167.88,658,991,3198,u
e,91.31,564,2232,2741,s
a,124.81,1055,1717,2707,u
o,137.04,550,847,3007,u
øe,126.54,595,1562,2762,s
ø,114.17,560,1655,2574,u
øe,138.80,629,1668,2658,u
ie,59.74,447,2573,2992,u
ie,66.96,520,2674,3086,s
i,48.56,360,2631,3280,u
e,107.81,713,1865,2942,u
ɛ,182.74,755,1911,2801,u
ie,50.15,443,2580,3203,u
ie,79.65,506,2809,3121,s
i,50.81,363,2770,3478,u
e,171.79,596,1904,2722,u
e,80.65,559,2030,2762,s
ʌ,218.02,812,1154,2853,u
e,135.61,480,2300,2966,u
ie,59.86,381,2462,2798,s
i,57.98,449,2592,3135,u
ie,78.22,419,2433,2841,u
i,100.25,420,2759,3222,u
ɛ,152.66,1008,1953,2923,u
e,76.15,549,2149,2825,s
ɛ,52.48,744,2255,2865,u
i,78.98,392,2771,3352,u
ɛ,136.39,841,2054,2764,u
ie,71.55,530,2596,3016,s
i,69.30,476,2562,3008,u
i,147.01,379,2676,3048,u
e,100.19,568,2267,2884,s
e,105.43,577,2289,2789,u
e,117.98,625,1988,2598,u
ɛ,154.62,729,1889,2803,u
ie,86.20,478,2623,3236,s
i,63.48,439,2701,3147,u
i,146.09,383,2530,2881,u
e,97.15,562,2250,2819,s
e,102.56,567,2292,2757,u
e,110.51,623,1990,2488,u
ɛ,135.22,788,2065,2858,u
e,90.63,661,2411,3006,s
e,82.89,626,2211,2850,u
i,149.52,380,2622,3070,u
ie,84.70,510,2616,3187,s
i,71.95,438,2624,3033,u
e,126.70,785,1755,2765,u
ie,96.98,509,2782,3467,s
i,53.57,438,2681,3092,u
e,121.59,753,1813,2723,u
e,64.86,558,2248,2879,u
ɛe,90.86,868,2262,3046,s
e,78.17,660,1962,2685,u
ʌ,163.41,1035,1347,2853,u
e,86.32,613,2242,3027,s
a,126.57,991,1632,2744,u
e,123.16,600,1965,2729,u
e,70.27,565,1963,2758,s
ʌ,174.06,848,1157,2770,u
ʌ,171.74,746,1060,2896,u
ue,90.02,422,1213,2600,s
u,100.67,370,1119,2730,u
e,184.91,577,1964,2703,u
ue,94.52,404,1056,2779,s
u,119.58,415,1031,2841,u
e,215.85,589,2095,2738,u
e,91.41,561,2197,2803,s
a,131.82,983,1755,2743,u
e,95.20,606,1980,2902,u
ɛ,157.03,712,1930,2883,u
ʌ,89.98,889,1334,2832,u
oe,99.26,629,1360,2874,s
o,68.16,533,1121,2949,u
i,164.36,404,2516,2834,u
e,108.18,547,2366,2946,s
e,120.36,535,2384,2821,u
e,153.10,663,1993,2645,u
e,97.77,567,2262,2793,s
e,97.15,555,2402,2802,u
o,182.26,565,936,2785,u
øe,88.40,573,1726,2596,s
ø,100.64,517,1718,2707,u
øe,148.46,554,1893,2466,u
ʌ,82.75,892,1402,2841,u
e,67.54,648,2052,2891,s
ʌ,82.84,816,1386,2735,u
e,50.72,468,1979,2878,u
o,132.20,637,1214,2637,u
e,84.68,590,2047,2806,s
ʌ,173.59,825,1233,2780,u
o,159.68,559,848,2862,u
ʌ,69.28,891,1452,2915,u
ue,71.69,598,1538,2787,s
u,61.90,448,1457,2857,u
e,88.04,585,1851,2860,u
o,123.22,958,1048,3181,u
e,83.47,566,2069,2734,s
a,144.34,1021,1748,2703,u
ʌ,171.43,783,1180,2861,u
e,108.21,549,2254,2770,s
e,133.95,510,2398,2795,u
e,208.29,614,2102,2703,u
ʌ,90.91,918,1349,2969,u
e,83.51,703,2067,2861,s
ʌ,74.39,781,1443,2691,u
i,84.58,393,2453,2883,u
o,66.52,674,1285,2964,u
ie,67.17,382,2556,2879,s
i,71.51,456,2633,2983,u
e,84.60,568,2020,2879,u
o,140.90,807,1036,3117,u
ʌ,84.38,812,1305,2852,u
ue,68.70,558,1492,2798,s
u,61.59,420,1247,2801,u
e,67.61,512,2011,2741,u
o,133.97,667,1155,2759,u
ɛe,84.45,673,2176,2862,s
e,80.61,584,2066,2759,u
i,104.09,401,2303,2669,u
o,64.68,671,1285,2857,u
e,67.69,520,2290,2834,u
e,106.78,621,2089,2917,s
a,118.19,1011,1664,2837,u
e,115.98,712,2008,2880,u
e,82.36,589,2167,2903,s
e,83.31,506,2208,2865,u
ʌ,149.85,783,1252,2571,u
ie,62.01,338,2423,2797,s
i,55.31,390,2584,3059,u
e,69.79,602,1969,2896,u
ʌ,200.34,953,1287,3070,u
e,111.29,560,2251,2797,s
e,129.42,511,2278,2668,u
i,157.36,394,2569,2848,u
ue,90.83,385,1070,2680,s
u,128.94,382,1195,2842,u
ʌ,240.80,809,1247,2842,u
øe,84.01,620,1793,2641,s
ø,86.19,529,1794,2768,u
o,183.09,612,1087,3136,u
ue,69.31,405,1203,2655,s
u,98.99,432,1269,2734,u
i,172.18,396,2598,2770,u
e,83.56,655,2128,2761,s
e,79.90,583,2136,2725,u
o,141.68,604,1070,2610,u
øe,116.47,618,1614,2708,s
ø,91.13,550,1638,2578,u
ø,57.99,462,1909,2681,u
ɛ,167.16,701,1750,2769,u
øe,95.49,588,1695,2665,s
ø,91.06,528,1656,2635,u
øe,59.53,468,1969,2740,u
o,145.97,660,1139,2750,u
øe,80.01,588,1686,2801,s
ø,89.37,565,1668,2574,u
øe,56.28,447,1853,2678,u
o,130.22,633,1116,2765,u
e,57.27,568,2168,2813,u
e,86.80,657,2139,2918,s
a,125.60,1048,1648,2884,u
ʌ,183.54,886,1253,3227,u
øe,78.98,483,1621,2625,u
øe,103.67,584,1700,2738,s
ø,120.70,523,1619,2604,u
o,162.46,575,1079,2837,u
øe,63.35,481,1694,2682,u
øe,82.47,620,1719,2741,s
ø,103.67,556,1736,2620,u
øe,148.38,554,1733,2647,u
ue,92.70,447,1189,2357,s
u,103.67,459,1165,2659,u
e,97.10,649,1827,2849,u
ɛ,211.38,754,1864,2758,u
ie,81.34,505,2559,3172,s
i,59.60,445,2566,3003,u
i,82.34,399,2552,2898,u
o,84.29,692,1154,2229,u
øe,82.51,555,1619,2598,s
ø,95.95,578,1718,2682,u
øe,130.39,718,1696,2392,u
ʌ,88.83,904,1329,2905,u
e,72.45,676,2142,2868,s
ʌ,91.19,762,1473,2611,u
e,113.60,564,1943,2728,u
e,115.68,520,2305,2885,s
e,104.81,521,2301,2833,s
o,93.94,561,882,2983,s
o,80.32,566,898,2962,s
u,70.81,342,1455,2653,s
u,71.48,337,1330,2604,s
u,113.21,361,1092,2789,s
u,99.07,389,1079,2907,s
ʌ,105.45,792,1328,2826,s
ʌ,104.76,769,1283,2815,s
u,131.12,418,827,2625,s
u,137.18,423,840,2897,s
u,62.46,319,1485,2715,s
u,72.73,344,1441,2653,s
u,87.92,325,1479,2884,s
u,96.56,350,1441,2699,s
o,107.64,598,1049,2866,s
o,118.84,610,976,3019,s
a,187.79,1041,1821,2741,s
a,188.83,1022,1617,2664,s
i,103.23,446,2701,3185,s
i,94.86,471,2505,3091,s
ʌ,107.60,1036,1274,3220,s
ʌ,115.72,890,1241,3233,s
e,108.32,577,2284,2903,s
e,123.22,588,2233,2858,s
e,125.85,555,2286,2775,s
e,120.71,519,2292,2837,s
e,125.63,518,2200,2755,s
ø,121.29,559,1899,2586,s
ø,112.86,544,1923,2570,s
i,85.56,330,2490,3097,s
i,83.61,334,2518,3153,s
o,70.79,602,1178,2717,s
o,66.45,568,1192,2689,s
o,87.71,582,900,2883,s
o,63.07,591,917,2918,s
e,89.00,577,2174,2632,s
e,66.03,585,1867,2512,s
ø,86.23,569,1668,2515,s
ø,77.96,568,1629,2739,s
u,90.68,471,1239,3083,s
u,93.81,434,1190,3066,s
e,101.88,571,2137,2696,s
e,88.99,533,2090,2793,s
i,89.29,333,2470,2933,s
i,96.95,332,2595,2731,s
i,71.77,325,2487,2922,s
i,81.61,320,2668,2787,s
e,148.15,563,2211,2770,s
e,169.33,562,2205,2742,s
ɛ,203.33,728,2144,2266,s
ɛ,177.16,660,2094,2272,s
a,67.77,1007,1584,2568,s
a,85.88,1061,1628,2627,s
ø,63.91,592,1748,2611,s
ø,53.79,574,1736,2629,s
i,79.81,358,2458,2619,s
i,68.72,410,2467,2979,s
e,93.00,564,2114,2670,s
e,86.49,582,2003,2705,s
i,70.50,340,2272,2625,s
i,62.93,344,2497,3056,s
i,69.48,325,2378,2616,s
i,69.09,320,2571,3021,s
i,128.66,319,2566,3184,s
i,137.07,339,2586,3035,s
ø,72.34,594,1670,2548,s
ø,75.11,561,1606,2575,s
e,99.36,545,2063,2737,s
e,99.14,532,2115,2881,s
ø,153.95,618,1604,2751,s
ø,161.29,564,1648,2685,s
ø,59.00,561,1759,2709,s
ø,67.50,591,1743,2673,s
a,175.40,1134,1651,2810,s
a,175.29,998,1595,2771,s
u,185.17,472,1134,3115,s
u,174.71,498,1295,2954,s
o,166.47,568,1044,2863,s
o,175.27,558,1018,2849,s
o,180.14,568,877,3209,s
o,164.30,540,830,3061,s
u,80.16,361,1000,2753,s
u,70.79,358,1096,2894,s
u,124.86,324,1227,2709,s
u,122.89,327,1123,2795,s
o,79.34,558,1137,2698,s
o,75.32,557,1161,2698,s
i,91.34,311,2329,2642,s
i,92.05,304,2074,2742,s
a,70.09,860,1618,2380,s
a,86.11,861,1876,2531,s
a,74.62,977,1795,2556,s
ø,107.71,523,1734,2601,s
ø,121.45,541,1672,2630,s
u,51.63,324,1616,2703,s
u,63.80,348,1528,2688,s
ʌ,129.33,766,1218,2636,s
ʌ,128.87,794,1221,2612,s
ʌ,139.57,812,1218,2675,s
ʌ,129.49,792,1136,2954,s
a,126.55,1013,1563,2746,s
a,118.86,959,1551,2594,s
ʌ,185.05,776,1150,3250,s
ʌ,209.76,784,1129,3163,s
i,61.27,319,2481,3019,s
i,69.89,326,2477,2953,s
o,78.45,528,1164,2600,s
o,97.35,514,1250,2586,s